text,category
"Jane Doe
        Email: jane.doe@example.com | Phone: (555) 019-2834 | Address: San Francisco, CA
        
        PROFESSIONAL SUMMARY
        Highly motivated and results-driven Data Scientist with over 5 years of experience in designing, building, and deploying scalable software systems. Expertise in machine learning pipelines, full-stack architecture, and agile methodologies. Proven record of optimization and leadership.
        
        AREAS OF EXPERTISE
        Technical Skills: C++, FastAPI, React, TensorFlow, SQL, SQL databases, RESTful APIs, Git version control, software design patterns, cloud computing.
        Soft Skills: Project management, technical mentoring, collaborative team building, agile scrum, system design thinking.
        
        PROFESSIONAL EXPERIENCE
        Senior Analyst / Developer | TechCorp Industries | 2022 - Present
        - Engineered high-throughput data pipelines using Python, improving processing efficiency by 35%.
        - Designed and deployed custom machine learning classifiers, achieving 92% classification accuracy on unstructured text datasets.
        - Led a team of 4 engineers in migrating legacy infrastructure to containerized microservices in AWS.
        
        Software Engineer | Wayne Tech | 2019 - 2022
        - Collaborated with product owners to define application specifications and implement core APIs.
        - Maintained 99.9% uptime for business-critical payment platforms by redesigning caching layers.
        - Wrote comprehensive unit tests and automated CI/CD integration scripts.
        
        EDUCATION
        B.S. in Computer Science
        University of Toronto | Graduation: June 2019
        Relevant Coursework: Data Structures, Machine Learning, Database Systems, Natural Language Processing, Software Architecture.",Resume
"Emily Chen
        Email: emily.chen@example.com | Phone: (555) 019-2834 | Address: San Francisco, CA
        
        PROFESSIONAL SUMMARY
        Highly motivated and results-driven Marketing Manager with over 5 years of experience in designing, building, and deploying scalable software systems. Expertise in machine learning pipelines, full-stack architecture, and agile methodologies. Proven record of optimization and leadership.
        
        AREAS OF EXPERTISE
        Technical Skills: C++, Git, Docker, Scikit-Learn, Kubernetes, SQL databases, RESTful APIs, Git version control, software design patterns, cloud computing.
        Soft Skills: Project management, technical mentoring, collaborative team building, agile scrum, system design thinking.
        
        PROFESSIONAL EXPERIENCE
        Senior Analyst / Developer | TechCorp Industries | 2022 - Present
        - Engineered high-throughput data pipelines using Python, improving processing efficiency by 35%.
        - Designed and deployed custom machine learning classifiers, achieving 92% classification accuracy on unstructured text datasets.
        - Led a team of 4 engineers in migrating legacy infrastructure to containerized microservices in AWS.
        
        Software Engineer | Wayne Tech | 2019 - 2022
        - Collaborated with product owners to define application specifications and implement core APIs.
        - Maintained 99.9% uptime for business-critical payment platforms by redesigning caching layers.
        - Wrote comprehensive unit tests and automated CI/CD integration scripts.
        
        EDUCATION
        Ph.D. in Artificial Intelligence
        Oxford University | Graduation: June 2019
        Relevant Coursework: Data Structures, Machine Learning, Database Systems, Natural Language Processing, Software Architecture.",Resume
"David Patel
        Email: david.patel@example.com | Phone: (555) 019-2834 | Address: San Francisco, CA
        
        PROFESSIONAL SUMMARY
        Highly motivated and results-driven Marketing Manager with over 5 years of experience in designing, building, and deploying scalable software systems. Expertise in machine learning pipelines, full-stack architecture, and agile methodologies. Proven record of optimization and leadership.
        
        AREAS OF EXPERTISE
        Technical Skills: C++, TensorFlow, Java, Docker, SQL, SQL databases, RESTful APIs, Git version control, software design patterns, cloud computing.
        Soft Skills: Project management, technical mentoring, collaborative team building, agile scrum, system design thinking.
        
        PROFESSIONAL EXPERIENCE
        Senior Analyst / Developer | Globex Corporation | 2022 - Present
        - Engineered high-throughput data pipelines using Python, improving processing efficiency by 35%.
        - Designed and deployed custom machine learning classifiers, achieving 92% classification accuracy on unstructured text datasets.
        - Led a team of 4 engineers in migrating legacy infrastructure to containerized microservices in AWS.
        
        Software Engineer | Innovate LLC | 2019 - 2022
        - Collaborated with product owners to define application specifications and implement core APIs.
        - Maintained 99.9% uptime for business-critical payment platforms by redesigning caching layers.
        - Wrote comprehensive unit tests and automated CI/CD integration scripts.
        
        EDUCATION
        M.S. in Data Science
        UC Berkeley | Graduation: June 2019
        Relevant Coursework: Data Structures, Machine Learning, Database Systems, Natural Language Processing, Software Architecture.",Resume
"Alex Rivera
        Email: alex.rivera@example.com | Phone: (555) 019-2834 | Address: San Francisco, CA
        
        PROFESSIONAL SUMMARY
        Highly motivated and results-driven Senior Software Engineer with over 5 years of experience in designing, building, and deploying scalable software systems. Expertise in machine learning pipelines, full-stack architecture, and agile methodologies. Proven record of optimization and leadership.
        
        AREAS OF EXPERTISE
        Technical Skills: Docker, FastAPI, PyTorch, Scikit-Learn, Python, SQL databases, RESTful APIs, Git version control, software design patterns, cloud computing.
        Soft Skills: Project management, technical mentoring, collaborative team building, agile scrum, system design thinking.
        
        PROFESSIONAL EXPERIENCE
        Senior Analyst / Developer | Innovate LLC | 2022 - Present
        - Engineered high-throughput data pipelines using Python, improving processing efficiency by 35%.
        - Designed and deployed custom machine learning classifiers, achieving 92% classification accuracy on unstructured text datasets.
        - Led a team of 4 engineers in migrating legacy infrastructure to containerized microservices in AWS.
        
        Software Engineer | Globex Corporation | 2019 - 2022
        - Collaborated with product owners to define application specifications and implement core APIs.
        - Maintained 99.9% uptime for business-critical payment platforms by redesigning caching layers.
        - Wrote comprehensive unit tests and automated CI/CD integration scripts.
        
        EDUCATION
        Ph.D. in Artificial Intelligence
        UC Berkeley | Graduation: June 2019
        Relevant Coursework: Data Structures, Machine Learning, Database Systems, Natural Language Processing, Software Architecture.",Resume
"John Smith
        Email: john.smith@example.com | Phone: (555) 019-2834 | Address: San Francisco, CA
        
        PROFESSIONAL SUMMARY
        Highly motivated and results-driven Data Scientist with over 5 years of experience in designing, building, and deploying scalable software systems. Expertise in machine learning pipelines, full-stack architecture, and agile methodologies. Proven record of optimization and leadership.
        
        AREAS OF EXPERTISE
        Technical Skills: Java, Python, Kubernetes, Docker, React, SQL databases, RESTful APIs, Git version control, software design patterns, cloud computing.
        Soft Skills: Project management, technical mentoring, collaborative team building, agile scrum, system design thinking.
        
        PROFESSIONAL EXPERIENCE
        Senior Analyst / Developer | Innovate LLC | 2022 - Present
        - Engineered high-throughput data pipelines using Python, improving processing efficiency by 35%.
        - Designed and deployed custom machine learning classifiers, achieving 92% classification accuracy on unstructured text datasets.
        - Led a team of 4 engineers in migrating legacy infrastructure to containerized microservices in AWS.
        
        Software Engineer | Acme Inc | 2019 - 2022
        - Collaborated with product owners to define application specifications and implement core APIs.
        - Maintained 99.9% uptime for business-critical payment platforms by redesigning caching layers.
        - Wrote comprehensive unit tests and automated CI/CD integration scripts.
        
        EDUCATION
        M.S. in Data Science
        UC Berkeley | Graduation: June 2019
        Relevant Coursework: Data Structures, Machine Learning, Database Systems, Natural Language Processing, Software Architecture.",Resume
"Sophia Al-Jamil
        Email: sophia.al-jamil@example.com | Phone: (555) 019-2834 | Address: San Francisco, CA
        
        PROFESSIONAL SUMMARY
        Highly motivated and results-driven UX Designer with over 5 years of experience in designing, building, and deploying scalable software systems. Expertise in machine learning pipelines, full-stack architecture, and agile methodologies. Proven record of optimization and leadership.
        
        AREAS OF EXPERTISE
        Technical Skills: C++, Docker, Node.js, AWS, Python, SQL databases, RESTful APIs, Git version control, software design patterns, cloud computing.
        Soft Skills: Project management, technical mentoring, collaborative team building, agile scrum, system design thinking.
        
        PROFESSIONAL EXPERIENCE
        Senior Analyst / Developer | Apex Systems | 2022 - Present
        - Engineered high-throughput data pipelines using Python, improving processing efficiency by 35%.
        - Designed and deployed custom machine learning classifiers, achieving 92% classification accuracy on unstructured text datasets.
        - Led a team of 4 engineers in migrating legacy infrastructure to containerized microservices in AWS.
        
        Software Engineer | Wayne Tech | 2019 - 2022
        - Collaborated with product owners to define application specifications and implement core APIs.
        - Maintained 99.9% uptime for business-critical payment platforms by redesigning caching layers.
        - Wrote comprehensive unit tests and automated CI/CD integration scripts.
        
        EDUCATION
        B.A. in Software Engineering
        Oxford University | Graduation: June 2019
        Relevant Coursework: Data Structures, Machine Learning, Database Systems, Natural Language Processing, Software Architecture.",Resume
"Alex Rivera
        Email: alex.rivera@example.com | Phone: (555) 019-2834 | Address: San Francisco, CA
        
        PROFESSIONAL SUMMARY
        Highly motivated and results-driven UX Designer with over 5 years of experience in designing, building, and deploying scalable software systems. Expertise in machine learning pipelines, full-stack architecture, and agile methodologies. Proven record of optimization and leadership.
        
        AREAS OF EXPERTISE
        Technical Skills: React, Kubernetes, C++, FastAPI, SQL, SQL databases, RESTful APIs, Git version control, software design patterns, cloud computing.
        Soft Skills: Project management, technical mentoring, collaborative team building, agile scrum, system design thinking.
        
        PROFESSIONAL EXPERIENCE
        Senior Analyst / Developer | Acme Inc | 2022 - Present
        - Engineered high-throughput data pipelines using Python, improving processing efficiency by 35%.
        - Designed and deployed custom machine learning classifiers, achieving 92% classification accuracy on unstructured text datasets.
        - Led a team of 4 engineers in migrating legacy infrastructure to containerized microservices in AWS.
        
        Software Engineer | Wayne Tech | 2019 - 2022
        - Collaborated with product owners to define application specifications and implement core APIs.
        - Maintained 99.9% uptime for business-critical payment platforms by redesigning caching layers.
        - Wrote comprehensive unit tests and automated CI/CD integration scripts.
        
        EDUCATION
        M.S. in Data Science
        Harvard University | Graduation: June 2019
        Relevant Coursework: Data Structures, Machine Learning, Database Systems, Natural Language Processing, Software Architecture.",Resume
"Sarah Jenkins
        Email: sarah.jenkins@example.com | Phone: (555) 019-2834 | Address: San Francisco, CA
        
        PROFESSIONAL SUMMARY
        Highly motivated and results-driven Machine Learning Specialist with over 5 years of experience in designing, building, and deploying scalable software systems. Expertise in machine learning pipelines, full-stack architecture, and agile methodologies. Proven record of optimization and leadership.
        
        AREAS OF EXPERTISE
        Technical Skills: Docker, Kubernetes, Node.js, Java, C++, SQL databases, RESTful APIs, Git version control, software design patterns, cloud computing.
        Soft Skills: Project management, technical mentoring, collaborative team building, agile scrum, system design thinking.
        
        PROFESSIONAL EXPERIENCE
        Senior Analyst / Developer | Wayne Tech | 2022 - Present
        - Engineered high-throughput data pipelines using Python, improving processing efficiency by 35%.
        - Designed and deployed custom machine learning classifiers, achieving 92% classification accuracy on unstructured text datasets.
        - Led a team of 4 engineers in migrating legacy infrastructure to containerized microservices in AWS.
        
        Software Engineer | Innovate LLC | 2019 - 2022
        - Collaborated with product owners to define application specifications and implement core APIs.
        - Maintained 99.9% uptime for business-critical payment platforms by redesigning caching layers.
        - Wrote comprehensive unit tests and automated CI/CD integration scripts.
        
        EDUCATION
        Ph.D. in Artificial Intelligence
        MIT | Graduation: June 2019
        Relevant Coursework: Data Structures, Machine Learning, Database Systems, Natural Language Processing, Software Architecture.",Resume
"Sarah Jenkins
        Email: sarah.jenkins@example.com | Phone: (555) 019-2834 | Address: San Francisco, CA
        
        PROFESSIONAL SUMMARY
        Highly motivated and results-driven Data Scientist with over 5 years of experience in designing, building, and deploying scalable software systems. Expertise in machine learning pipelines, full-stack architecture, and agile methodologies. Proven record of optimization and leadership.
        
        AREAS OF EXPERTISE
        Technical Skills: C++, SQL, Git, Node.js, Scikit-Learn, SQL databases, RESTful APIs, Git version control, software design patterns, cloud computing.
        Soft Skills: Project management, technical mentoring, collaborative team building, agile scrum, system design thinking.
        
        PROFESSIONAL EXPERIENCE
        Senior Analyst / Developer | TechCorp Industries | 2022 - Present
        - Engineered high-throughput data pipelines using Python, improving processing efficiency by 35%.
        - Designed and deployed custom machine learning classifiers, achieving 92% classification accuracy on unstructured text datasets.
        - Led a team of 4 engineers in migrating legacy infrastructure to containerized microservices in AWS.
        
        Software Engineer | Acme Inc | 2019 - 2022
        - Collaborated with product owners to define application specifications and implement core APIs.
        - Maintained 99.9% uptime for business-critical payment platforms by redesigning caching layers.
        - Wrote comprehensive unit tests and automated CI/CD integration scripts.
        
        EDUCATION
        Ph.D. in Artificial Intelligence
        MIT | Graduation: June 2019
        Relevant Coursework: Data Structures, Machine Learning, Database Systems, Natural Language Processing, Software Architecture.",Resume
"Alex Rivera
        Email: alex.rivera@example.com | Phone: (555) 019-2834 | Address: San Francisco, CA
        
        PROFESSIONAL SUMMARY
        Highly motivated and results-driven Product Manager with over 5 years of experience in designing, building, and deploying scalable software systems. Expertise in machine learning pipelines, full-stack architecture, and agile methodologies. Proven record of optimization and leadership.
        
        AREAS OF EXPERTISE
        Technical Skills: Node.js, Java, Scikit-Learn, Kubernetes, SQL, SQL databases, RESTful APIs, Git version control, software design patterns, cloud computing.
        Soft Skills: Project management, technical mentoring, collaborative team building, agile scrum, system design thinking.
        
        PROFESSIONAL EXPERIENCE
        Senior Analyst / Developer | TechCorp Industries | 2022 - Present
        - Engineered high-throughput data pipelines using Python, improving processing efficiency by 35%.
        - Designed and deployed custom machine learning classifiers, achieving 92% classification accuracy on unstructured text datasets.
        - Led a team of 4 engineers in migrating legacy infrastructure to containerized microservices in AWS.
        
        Software Engineer | Apex Systems | 2019 - 2022
        - Collaborated with product owners to define application specifications and implement core APIs.
        - Maintained 99.9% uptime for business-critical payment platforms by redesigning caching layers.
        - Wrote comprehensive unit tests and automated CI/CD integration scripts.
        
        EDUCATION
        B.A. in Software Engineering
        Stanford University | Graduation: June 2019
        Relevant Coursework: Data Structures, Machine Learning, Database Systems, Natural Language Processing, Software Architecture.",Resume
"Jane Doe
        Email: jane.doe@example.com | Phone: (555) 019-2834 | Address: San Francisco, CA
        
        PROFESSIONAL SUMMARY
        Highly motivated and results-driven Marketing Manager with over 5 years of experience in designing, building, and deploying scalable software systems. Expertise in machine learning pipelines, full-stack architecture, and agile methodologies. Proven record of optimization and leadership.
        
        AREAS OF EXPERTISE
        Technical Skills: Node.js, AWS, Java, Scikit-Learn, PyTorch, SQL databases, RESTful APIs, Git version control, software design patterns, cloud computing.
        Soft Skills: Project management, technical mentoring, collaborative team building, agile scrum, system design thinking.
        
        PROFESSIONAL EXPERIENCE
        Senior Analyst / Developer | Stark Enterprises | 2022 - Present
        - Engineered high-throughput data pipelines using Python, improving processing efficiency by 35%.
        - Designed and deployed custom machine learning classifiers, achieving 92% classification accuracy on unstructured text datasets.
        - Led a team of 4 engineers in migrating legacy infrastructure to containerized microservices in AWS.
        
        Software Engineer | Wayne Tech | 2019 - 2022
        - Collaborated with product owners to define application specifications and implement core APIs.
        - Maintained 99.9% uptime for business-critical payment platforms by redesigning caching layers.
        - Wrote comprehensive unit tests and automated CI/CD integration scripts.
        
        EDUCATION
        M.S. in Data Science
        Stanford University | Graduation: June 2019
        Relevant Coursework: Data Structures, Machine Learning, Database Systems, Natural Language Processing, Software Architecture.",Resume
"John Smith
        Email: john.smith@example.com | Phone: (555) 019-2834 | Address: San Francisco, CA
        
        PROFESSIONAL SUMMARY
        Highly motivated and results-driven Senior Software Engineer with over 5 years of experience in designing, building, and deploying scalable software systems. Expertise in machine learning pipelines, full-stack architecture, and agile methodologies. Proven record of optimization and leadership.
        
        AREAS OF EXPERTISE
        Technical Skills: React, FastAPI, SQL, Node.js, PyTorch, SQL databases, RESTful APIs, Git version control, software design patterns, cloud computing.
        Soft Skills: Project management, technical mentoring, collaborative team building, agile scrum, system design thinking.
        
        PROFESSIONAL EXPERIENCE
        Senior Analyst / Developer | Stark Enterprises | 2022 - Present
        - Engineered high-throughput data pipelines using Python, improving processing efficiency by 35%.
        - Designed and deployed custom machine learning classifiers, achieving 92% classification accuracy on unstructured text datasets.
        - Led a team of 4 engineers in migrating legacy infrastructure to containerized microservices in AWS.
        
        Software Engineer | TechCorp Industries | 2019 - 2022
        - Collaborated with product owners to define application specifications and implement core APIs.
        - Maintained 99.9% uptime for business-critical payment platforms by redesigning caching layers.
        - Wrote comprehensive unit tests and automated CI/CD integration scripts.
        
        EDUCATION
        B.A. in Software Engineering
        Stanford University | Graduation: June 2019
        Relevant Coursework: Data Structures, Machine Learning, Database Systems, Natural Language Processing, Software Architecture.",Resume
"Alex Rivera
        Email: alex.rivera@example.com | Phone: (555) 019-2834 | Address: San Francisco, CA
        
        PROFESSIONAL SUMMARY
        Highly motivated and results-driven UX Designer with over 5 years of experience in designing, building, and deploying scalable software systems. Expertise in machine learning pipelines, full-stack architecture, and agile methodologies. Proven record of optimization and leadership.
        
        AREAS OF EXPERTISE
        Technical Skills: PyTorch, Git, C++, Scikit-Learn, Python, SQL databases, RESTful APIs, Git version control, software design patterns, cloud computing.
        Soft Skills: Project management, technical mentoring, collaborative team building, agile scrum, system design thinking.
        
        PROFESSIONAL EXPERIENCE
        Senior Analyst / Developer | Globex Corporation | 2022 - Present
        - Engineered high-throughput data pipelines using Python, improving processing efficiency by 35%.
        - Designed and deployed custom machine learning classifiers, achieving 92% classification accuracy on unstructured text datasets.
        - Led a team of 4 engineers in migrating legacy infrastructure to containerized microservices in AWS.
        
        Software Engineer | TechCorp Industries | 2019 - 2022
        - Collaborated with product owners to define application specifications and implement core APIs.
        - Maintained 99.9% uptime for business-critical payment platforms by redesigning caching layers.
        - Wrote comprehensive unit tests and automated CI/CD integration scripts.
        
        EDUCATION
        Ph.D. in Artificial Intelligence
        MIT | Graduation: June 2019
        Relevant Coursework: Data Structures, Machine Learning, Database Systems, Natural Language Processing, Software Architecture.",Resume
"Emily Chen
        Email: emily.chen@example.com | Phone: (555) 019-2834 | Address: San Francisco, CA
        
        PROFESSIONAL SUMMARY
        Highly motivated and results-driven UX Designer with over 5 years of experience in designing, building, and deploying scalable software systems. Expertise in machine learning pipelines, full-stack architecture, and agile methodologies. Proven record of optimization and leadership.
        
        AREAS OF EXPERTISE
        Technical Skills: Kubernetes, Node.js, Git, SQL, Python, SQL databases, RESTful APIs, Git version control, software design patterns, cloud computing.
        Soft Skills: Project management, technical mentoring, collaborative team building, agile scrum, system design thinking.
        
        PROFESSIONAL EXPERIENCE
        Senior Analyst / Developer | Innovate LLC | 2022 - Present
        - Engineered high-throughput data pipelines using Python, improving processing efficiency by 35%.
        - Designed and deployed custom machine learning classifiers, achieving 92% classification accuracy on unstructured text datasets.
        - Led a team of 4 engineers in migrating legacy infrastructure to containerized microservices in AWS.
        
        Software Engineer | Wayne Tech | 2019 - 2022
        - Collaborated with product owners to define application specifications and implement core APIs.
        - Maintained 99.9% uptime for business-critical payment platforms by redesigning caching layers.
        - Wrote comprehensive unit tests and automated CI/CD integration scripts.
        
        EDUCATION
        Ph.D. in Artificial Intelligence
        University of Toronto | Graduation: June 2019
        Relevant Coursework: Data Structures, Machine Learning, Database Systems, Natural Language Processing, Software Architecture.",Resume
"Sophia Al-Jamil
        Email: sophia.al-jamil@example.com | Phone: (555) 019-2834 | Address: San Francisco, CA
        
        PROFESSIONAL SUMMARY
        Highly motivated and results-driven UX Designer with over 5 years of experience in designing, building, and deploying scalable software systems. Expertise in machine learning pipelines, full-stack architecture, and agile methodologies. Proven record of optimization and leadership.
        
        AREAS OF EXPERTISE
        Technical Skills: Docker, AWS, Git, Python, Kubernetes, SQL databases, RESTful APIs, Git version control, software design patterns, cloud computing.
        Soft Skills: Project management, technical mentoring, collaborative team building, agile scrum, system design thinking.
        
        PROFESSIONAL EXPERIENCE
        Senior Analyst / Developer | TechCorp Industries | 2022 - Present
        - Engineered high-throughput data pipelines using Python, improving processing efficiency by 35%.
        - Designed and deployed custom machine learning classifiers, achieving 92% classification accuracy on unstructured text datasets.
        - Led a team of 4 engineers in migrating legacy infrastructure to containerized microservices in AWS.
        
        Software Engineer | Stark Enterprises | 2019 - 2022
        - Collaborated with product owners to define application specifications and implement core APIs.
        - Maintained 99.9% uptime for business-critical payment platforms by redesigning caching layers.
        - Wrote comprehensive unit tests and automated CI/CD integration scripts.
        
        EDUCATION
        B.A. in Software Engineering
        MIT | Graduation: June 2019
        Relevant Coursework: Data Structures, Machine Learning, Database Systems, Natural Language Processing, Software Architecture.",Resume
"INVOICE
        Umbrella Corp
        100 Corporate Parkway, Suite 400
        Email: billing@umbrellacorp.com
        
        INVOICE TO:
        Vandelay Industries
        Attn: Accounts Payable
        456 Business Road, Tech Center
        
        INVOICE DETAILS:
        Invoice Number: INV-2026-4183
        Invoice Date: June 15, 2026
        Due Date: July 15, 2026
        Payment Terms: Net 30
        
        LINE ITEMS:
        1. Description: Software Development Services
           Quantity: 80 hours | Unit Price: $100.00 | Total: $8000.00
        2. Description: Database Migration & Optimization
           Quantity: 50 hours | Unit Price: $110.00 | Total: $5500.00
           
        SUMMARY:
        Subtotal: $13500.00
        Tax Rate: 8.25%
        Estimated Tax: $1113.75
        TOTAL AMOUNT DUE: $14613.75
        
        Payment Instructions:
        Please transfer the total amount to Bank of America, Account: 9876-5432-1098, Routing: 021000021.
        For billing questions, contact support@umbrellacorp.com. Thank you for your business!",Invoice
"INVOICE
        Global Solutions Inc.
        100 Corporate Parkway, Suite 400
        Email: billing@globalsolutionsinc.com
        
        INVOICE TO:
        Soylent Corp
        Attn: Accounts Payable
        456 Business Road, Tech Center
        
        INVOICE DETAILS:
        Invoice Number: INV-2026-8326
        Invoice Date: June 15, 2026
        Due Date: July 15, 2026
        Payment Terms: Net 30
        
        LINE ITEMS:
        1. Description: Security Audit and Penetration Testing
           Quantity: 25 hours | Unit Price: $200.00 | Total: $5000.00
        2. Description: UI/UX Prototype Design
           Quantity: 30 hours | Unit Price: $90.00 | Total: $2700.00
           
        SUMMARY:
        Subtotal: $7700.00
        Tax Rate: 8.25%
        Estimated Tax: $635.25
        TOTAL AMOUNT DUE: $8335.25
        
        Payment Instructions:
        Please transfer the total amount to Bank of America, Account: 9876-5432-1098, Routing: 021000021.
        For billing questions, contact support@globalsolutionsinc.com. Thank you for your business!",Invoice
"INVOICE
        Global Solutions Inc.
        100 Corporate Parkway, Suite 400
        Email: billing@globalsolutionsinc.com
        
        INVOICE TO:
        Soylent Corp
        Attn: Accounts Payable
        456 Business Road, Tech Center
        
        INVOICE DETAILS:
        Invoice Number: INV-2026-2242
        Invoice Date: June 15, 2026
        Due Date: July 15, 2026
        Payment Terms: Net 30
        
        LINE ITEMS:
        1. Description: Software Development Services
           Quantity: 80 hours | Unit Price: $100.00 | Total: $8000.00
        2. Description: Database Migration & Optimization
           Quantity: 50 hours | Unit Price: $110.00 | Total: $5500.00
           
        SUMMARY:
        Subtotal: $13500.00
        Tax Rate: 8.25%
        Estimated Tax: $1113.75
        TOTAL AMOUNT DUE: $14613.75
        
        Payment Instructions:
        Please transfer the total amount to Bank of America, Account: 9876-5432-1098, Routing: 021000021.
        For billing questions, contact support@globalsolutionsinc.com. Thank you for your business!",Invoice
"INVOICE
        Cyberdyne Systems
        100 Corporate Parkway, Suite 400
        Email: billing@cyberdynesystems.com
        
        INVOICE TO:
        Pied Piper
        Attn: Accounts Payable
        456 Business Road, Tech Center
        
        INVOICE DETAILS:
        Invoice Number: INV-2026-5952
        Invoice Date: June 15, 2026
        Due Date: July 15, 2026
        Payment Terms: Net 30
        
        LINE ITEMS:
        1. Description: Database Migration & Optimization
           Quantity: 50 hours | Unit Price: $110.00 | Total: $5500.00
        2. Description: UI/UX Prototype Design
           Quantity: 30 hours | Unit Price: $90.00 | Total: $2700.00
           
        SUMMARY:
        Subtotal: $8200.00
        Tax Rate: 8.25%
        Estimated Tax: $676.50
        TOTAL AMOUNT DUE: $8876.50
        
        Payment Instructions:
        Please transfer the total amount to Bank of America, Account: 9876-5432-1098, Routing: 021000021.
        For billing questions, contact support@cyberdynesystems.com. Thank you for your business!",Invoice
"INVOICE
        Initech Corp
        100 Corporate Parkway, Suite 400
        Email: billing@initechcorp.com
        
        INVOICE TO:
        Dunder Mifflin
        Attn: Accounts Payable
        456 Business Road, Tech Center
        
        INVOICE DETAILS:
        Invoice Number: INV-2026-3970
        Invoice Date: June 15, 2026
        Due Date: July 15, 2026
        Payment Terms: Net 30
        
        LINE ITEMS:
        1. Description: UI/UX Prototype Design
           Quantity: 30 hours | Unit Price: $90.00 | Total: $2700.00
        2. Description: Cloud Architecture Consulting
           Quantity: 40 hours | Unit Price: $150.00 | Total: $6000.00
           
        SUMMARY:
        Subtotal: $8700.00
        Tax Rate: 8.25%
        Estimated Tax: $717.75
        TOTAL AMOUNT DUE: $9417.75
        
        Payment Instructions:
        Please transfer the total amount to Bank of America, Account: 9876-5432-1098, Routing: 021000021.
        For billing questions, contact support@initechcorp.com. Thank you for your business!",Invoice
"INVOICE
        Global Solutions Inc.
        100 Corporate Parkway, Suite 400
        Email: billing@globalsolutionsinc.com
        
        INVOICE TO:
        Bluth Company
        Attn: Accounts Payable
        456 Business Road, Tech Center
        
        INVOICE DETAILS:
        Invoice Number: INV-2026-4978
        Invoice Date: June 15, 2026
        Due Date: July 15, 2026
        Payment Terms: Net 30
        
        LINE ITEMS:
        1. Description: UI/UX Prototype Design
           Quantity: 30 hours | Unit Price: $90.00 | Total: $2700.00
        2. Description: Database Migration & Optimization
           Quantity: 50 hours | Unit Price: $110.00 | Total: $5500.00
           
        SUMMARY:
        Subtotal: $8200.00
        Tax Rate: 8.25%
        Estimated Tax: $676.50
        TOTAL AMOUNT DUE: $8876.50
        
        Payment Instructions:
        Please transfer the total amount to Bank of America, Account: 9876-5432-1098, Routing: 021000021.
        For billing questions, contact support@globalsolutionsinc.com. Thank you for your business!",Invoice
"INVOICE
        Umbrella Corp
        100 Corporate Parkway, Suite 400
        Email: billing@umbrellacorp.com
        
        INVOICE TO:
        Dunder Mifflin
        Attn: Accounts Payable
        456 Business Road, Tech Center
        
        INVOICE DETAILS:
        Invoice Number: INV-2026-9526
        Invoice Date: June 15, 2026
        Due Date: July 15, 2026
        Payment Terms: Net 30
        
        LINE ITEMS:
        1. Description: Database Migration & Optimization
           Quantity: 50 hours | Unit Price: $110.00 | Total: $5500.00
        2. Description: Machine Learning Engineering
           Quantity: 60 hours | Unit Price: $120.00 | Total: $7200.00
           
        SUMMARY:
        Subtotal: $12700.00
        Tax Rate: 8.25%
        Estimated Tax: $1047.75
        TOTAL AMOUNT DUE: $13747.75
        
        Payment Instructions:
        Please transfer the total amount to Bank of America, Account: 9876-5432-1098, Routing: 021000021.
        For billing questions, contact support@umbrellacorp.com. Thank you for your business!",Invoice
"INVOICE
        Apex Consulting
        100 Corporate Parkway, Suite 400
        Email: billing@apexconsulting.com
        
        INVOICE TO:
        Hooli Inc.
        Attn: Accounts Payable
        456 Business Road, Tech Center
        
        INVOICE DETAILS:
        Invoice Number: INV-2026-9861
        Invoice Date: June 15, 2026
        Due Date: July 15, 2026
        Payment Terms: Net 30
        
        LINE ITEMS:
        1. Description: Security Audit and Penetration Testing
           Quantity: 25 hours | Unit Price: $200.00 | Total: $5000.00
        2. Description: Cloud Architecture Consulting
           Quantity: 40 hours | Unit Price: $150.00 | Total: $6000.00
           
        SUMMARY:
        Subtotal: $11000.00
        Tax Rate: 8.25%
        Estimated Tax: $907.50
        TOTAL AMOUNT DUE: $11907.50
        
        Payment Instructions:
        Please transfer the total amount to Bank of America, Account: 9876-5432-1098, Routing: 021000021.
        For billing questions, contact support@apexconsulting.com. Thank you for your business!",Invoice
"INVOICE
        Tyrell Biotech
        100 Corporate Parkway, Suite 400
        Email: billing@tyrellbiotech.com
        
        INVOICE TO:
        Dunder Mifflin
        Attn: Accounts Payable
        456 Business Road, Tech Center
        
        INVOICE DETAILS:
        Invoice Number: INV-2026-4419
        Invoice Date: June 15, 2026
        Due Date: July 15, 2026
        Payment Terms: Net 30
        
        LINE ITEMS:
        1. Description: Cloud Architecture Consulting
           Quantity: 40 hours | Unit Price: $150.00 | Total: $6000.00
        2. Description: Software Development Services
           Quantity: 80 hours | Unit Price: $100.00 | Total: $8000.00
           
        SUMMARY:
        Subtotal: $14000.00
        Tax Rate: 8.25%
        Estimated Tax: $1155.00
        TOTAL AMOUNT DUE: $15155.00
        
        Payment Instructions:
        Please transfer the total amount to Bank of America, Account: 9876-5432-1098, Routing: 021000021.
        For billing questions, contact support@tyrellbiotech.com. Thank you for your business!",Invoice
"INVOICE
        Umbrella Corp
        100 Corporate Parkway, Suite 400
        Email: billing@umbrellacorp.com
        
        INVOICE TO:
        Pied Piper
        Attn: Accounts Payable
        456 Business Road, Tech Center
        
        INVOICE DETAILS:
        Invoice Number: INV-2026-4245
        Invoice Date: June 15, 2026
        Due Date: July 15, 2026
        Payment Terms: Net 30
        
        LINE ITEMS:
        1. Description: Security Audit and Penetration Testing
           Quantity: 25 hours | Unit Price: $200.00 | Total: $5000.00
        2. Description: UI/UX Prototype Design
           Quantity: 30 hours | Unit Price: $90.00 | Total: $2700.00
           
        SUMMARY:
        Subtotal: $7700.00
        Tax Rate: 8.25%
        Estimated Tax: $635.25
        TOTAL AMOUNT DUE: $8335.25
        
        Payment Instructions:
        Please transfer the total amount to Bank of America, Account: 9876-5432-1098, Routing: 021000021.
        For billing questions, contact support@umbrellacorp.com. Thank you for your business!",Invoice
"INVOICE
        Umbrella Corp
        100 Corporate Parkway, Suite 400
        Email: billing@umbrellacorp.com
        
        INVOICE TO:
        Vandelay Industries
        Attn: Accounts Payable
        456 Business Road, Tech Center
        
        INVOICE DETAILS:
        Invoice Number: INV-2026-6230
        Invoice Date: June 15, 2026
        Due Date: July 15, 2026
        Payment Terms: Net 30
        
        LINE ITEMS:
        1. Description: Cloud Architecture Consulting
           Quantity: 40 hours | Unit Price: $150.00 | Total: $6000.00
        2. Description: Machine Learning Engineering
           Quantity: 60 hours | Unit Price: $120.00 | Total: $7200.00
           
        SUMMARY:
        Subtotal: $13200.00
        Tax Rate: 8.25%
        Estimated Tax: $1089.00
        TOTAL AMOUNT DUE: $14289.00
        
        Payment Instructions:
        Please transfer the total amount to Bank of America, Account: 9876-5432-1098, Routing: 021000021.
        For billing questions, contact support@umbrellacorp.com. Thank you for your business!",Invoice
"INVOICE
        Apex Consulting
        100 Corporate Parkway, Suite 400
        Email: billing@apexconsulting.com
        
        INVOICE TO:
        Dunder Mifflin
        Attn: Accounts Payable
        456 Business Road, Tech Center
        
        INVOICE DETAILS:
        Invoice Number: INV-2026-1772
        Invoice Date: June 15, 2026
        Due Date: July 15, 2026
        Payment Terms: Net 30
        
        LINE ITEMS:
        1. Description: Cloud Architecture Consulting
           Quantity: 40 hours | Unit Price: $150.00 | Total: $6000.00
        2. Description: Machine Learning Engineering
           Quantity: 60 hours | Unit Price: $120.00 | Total: $7200.00
           
        SUMMARY:
        Subtotal: $13200.00
        Tax Rate: 8.25%
        Estimated Tax: $1089.00
        TOTAL AMOUNT DUE: $14289.00
        
        Payment Instructions:
        Please transfer the total amount to Bank of America, Account: 9876-5432-1098, Routing: 021000021.
        For billing questions, contact support@apexconsulting.com. Thank you for your business!",Invoice
"INVOICE
        Initech Corp
        100 Corporate Parkway, Suite 400
        Email: billing@initechcorp.com
        
        INVOICE TO:
        Dunder Mifflin
        Attn: Accounts Payable
        456 Business Road, Tech Center
        
        INVOICE DETAILS:
        Invoice Number: INV-2026-2689
        Invoice Date: June 15, 2026
        Due Date: July 15, 2026
        Payment Terms: Net 30
        
        LINE ITEMS:
        1. Description: Machine Learning Engineering
           Quantity: 60 hours | Unit Price: $120.00 | Total: $7200.00
        2. Description: Cloud Architecture Consulting
           Quantity: 40 hours | Unit Price: $150.00 | Total: $6000.00
           
        SUMMARY:
        Subtotal: $13200.00
        Tax Rate: 8.25%
        Estimated Tax: $1089.00
        TOTAL AMOUNT DUE: $14289.00
        
        Payment Instructions:
        Please transfer the total amount to Bank of America, Account: 9876-5432-1098, Routing: 021000021.
        For billing questions, contact support@initechcorp.com. Thank you for your business!",Invoice
"INVOICE
        Global Solutions Inc.
        100 Corporate Parkway, Suite 400
        Email: billing@globalsolutionsinc.com
        
        INVOICE TO:
        Bluth Company
        Attn: Accounts Payable
        456 Business Road, Tech Center
        
        INVOICE DETAILS:
        Invoice Number: INV-2026-5233
        Invoice Date: June 15, 2026
        Due Date: July 15, 2026
        Payment Terms: Net 30
        
        LINE ITEMS:
        1. Description: Security Audit and Penetration Testing
           Quantity: 25 hours | Unit Price: $200.00 | Total: $5000.00
        2. Description: Software Development Services
           Quantity: 80 hours | Unit Price: $100.00 | Total: $8000.00
           
        SUMMARY:
        Subtotal: $13000.00
        Tax Rate: 8.25%
        Estimated Tax: $1072.50
        TOTAL AMOUNT DUE: $14072.50
        
        Payment Instructions:
        Please transfer the total amount to Bank of America, Account: 9876-5432-1098, Routing: 021000021.
        For billing questions, contact support@globalsolutionsinc.com. Thank you for your business!",Invoice
"INVOICE
        Umbrella Corp
        100 Corporate Parkway, Suite 400
        Email: billing@umbrellacorp.com
        
        INVOICE TO:
        Soylent Corp
        Attn: Accounts Payable
        456 Business Road, Tech Center
        
        INVOICE DETAILS:
        Invoice Number: INV-2026-2334
        Invoice Date: June 15, 2026
        Due Date: July 15, 2026
        Payment Terms: Net 30
        
        LINE ITEMS:
        1. Description: Cloud Architecture Consulting
           Quantity: 40 hours | Unit Price: $150.00 | Total: $6000.00
        2. Description: Database Migration & Optimization
           Quantity: 50 hours | Unit Price: $110.00 | Total: $5500.00
           
        SUMMARY:
        Subtotal: $11500.00
        Tax Rate: 8.25%
        Estimated Tax: $948.75
        TOTAL AMOUNT DUE: $12448.75
        
        Payment Instructions:
        Please transfer the total amount to Bank of America, Account: 9876-5432-1098, Routing: 021000021.
        For billing questions, contact support@umbrellacorp.com. Thank you for your business!",Invoice
"CLINICAL ENCOUNTER SUMMARY & MEDICAL REPORT
        St. Jude Memorial Hospital | Outpatient Clinic
        
        PATIENT DEMOGRAPHICS:
        Patient Name: Sarah Jenkins
        Date of Birth: 7/12/2001
        Gender: Female
        Date of Encounter: June 15, 2026
        Primary Physician: Dr. Elizabeth Blackwell, MD
        
        CLINICAL PRESENTATION & CHIEF COMPLAINT:
        The patient presents with shortness of breath on exertion, mild bilateral ankle edema, and palpitations. Symptoms have been persistent, affecting daily routines. No history of travel or exposure to known sick contacts.
        
        VITAL SIGNS:
        - Blood Pressure: 131/77 mmHg (sitting)
        - Heart Rate: 84 bpm (regular)
        - Temperature: 100.8 F (oral)
        - Respiratory Rate: 17 breaths/min
        - SpO2: 96% on room air
        
        PHYSICAL EXAMINATION:
        General: Well-developed, well-nourished individual in mild distress.
        Chest/Lungs: Clear to auscultation bilaterally, no wheezes or rales.
        Cardiovascular: Normal S1, S2, regular rhythm, no murmurs detected.
        Abdomen: Soft, non-distended, mild tenderness as noted in report.
        
        ASSESSMENT / DIAGNOSIS:
        Lumbar radiculopathy - suspected L4-L5 disc bulge.
        
        TREATMENT PLAN & PRESCRIPTION:
        1. Rx: Omeprazole 20mg - daily before breakfast for 14 days. Take exactly as directed.
        2. Rest and adequate hydration. Avoid strenuous physical activity for 72 hours.
        3. Follow-up in clinic in 10 days if symptoms do not improve.
        4. Patient instructed to present to the Emergency Department immediately if chest pain, severe dyspnea, or high fever develops.
        
        Dr. Elizabeth Blackwell, MD
        License Number: MD-9827364-CA",Medical Report
"CLINICAL ENCOUNTER SUMMARY & MEDICAL REPORT
        St. Jude Memorial Hospital | Outpatient Clinic
        
        PATIENT DEMOGRAPHICS:
        Patient Name: David Patel
        Date of Birth: 6/21/1994
        Gender: Other
        Date of Encounter: June 15, 2026
        Primary Physician: Dr. Elizabeth Blackwell, MD
        
        CLINICAL PRESENTATION & CHIEF COMPLAINT:
        The patient presents with persistent non-productive cough, fatigue, and low-grade fever for 4 days. Symptoms have been persistent, affecting daily routines. No history of travel or exposure to known sick contacts.
        
        VITAL SIGNS:
        - Blood Pressure: 134/80 mmHg (sitting)
        - Heart Rate: 64 bpm (regular)
        - Temperature: 98.6 F (oral)
        - Respiratory Rate: 14 breaths/min
        - SpO2: 99% on room air
        
        PHYSICAL EXAMINATION:
        General: Well-developed, well-nourished individual in mild distress.
        Chest/Lungs: Clear to auscultation bilaterally, no wheezes or rales.
        Cardiovascular: Normal S1, S2, regular rhythm, no murmurs detected.
        Abdomen: Soft, non-distended, mild tenderness as noted in report.
        
        ASSESSMENT / DIAGNOSIS:
        Lumbar radiculopathy - suspected L4-L5 disc bulge.
        
        TREATMENT PLAN & PRESCRIPTION:
        1. Rx: Ibuprofen 400mg - every 6 hours as needed for pain. Take exactly as directed.
        2. Rest and adequate hydration. Avoid strenuous physical activity for 72 hours.
        3. Follow-up in clinic in 10 days if symptoms do not improve.
        4. Patient instructed to present to the Emergency Department immediately if chest pain, severe dyspnea, or high fever develops.
        
        Dr. Elizabeth Blackwell, MD
        License Number: MD-9827364-CA",Medical Report
"CLINICAL ENCOUNTER SUMMARY & MEDICAL REPORT
        St. Jude Memorial Hospital | Outpatient Clinic
        
        PATIENT DEMOGRAPHICS:
        Patient Name: Alex Rivera
        Date of Birth: 4/19/1982
        Gender: Male
        Date of Encounter: June 15, 2026
        Primary Physician: Dr. Elizabeth Blackwell, MD
        
        CLINICAL PRESENTATION & CHIEF COMPLAINT:
        The patient presents with recurrent throbbing headache in the temporal region with photophobia. Symptoms have been persistent, affecting daily routines. No history of travel or exposure to known sick contacts.
        
        VITAL SIGNS:
        - Blood Pressure: 124/95 mmHg (sitting)
        - Heart Rate: 62 bpm (regular)
        - Temperature: 99.3 F (oral)
        - Respiratory Rate: 18 breaths/min
        - SpO2: 98% on room air
        
        PHYSICAL EXAMINATION:
        General: Well-developed, well-nourished individual in mild distress.
        Chest/Lungs: Clear to auscultation bilaterally, no wheezes or rales.
        Cardiovascular: Normal S1, S2, regular rhythm, no murmurs detected.
        Abdomen: Soft, non-distended, mild tenderness as noted in report.
        
        ASSESSMENT / DIAGNOSIS:
        Lumbar radiculopathy - suspected L4-L5 disc bulge.
        
        TREATMENT PLAN & PRESCRIPTION:
        1. Rx: Omeprazole 20mg - daily before breakfast for 14 days. Take exactly as directed.
        2. Rest and adequate hydration. Avoid strenuous physical activity for 72 hours.
        3. Follow-up in clinic in 10 days if symptoms do not improve.
        4. Patient instructed to present to the Emergency Department immediately if chest pain, severe dyspnea, or high fever develops.
        
        Dr. Elizabeth Blackwell, MD
        License Number: MD-9827364-CA",Medical Report
"CLINICAL ENCOUNTER SUMMARY & MEDICAL REPORT
        St. Jude Memorial Hospital | Outpatient Clinic
        
        PATIENT DEMOGRAPHICS:
        Patient Name: Sophia Al-Jamil
        Date of Birth: 12/21/1960
        Gender: Female
        Date of Encounter: June 15, 2026
        Primary Physician: Dr. Elizabeth Blackwell, MD
        
        CLINICAL PRESENTATION & CHIEF COMPLAINT:
        The patient presents with sore throat, difficulty swallowing, nasal congestion, and body aches. Symptoms have been persistent, affecting daily routines. No history of travel or exposure to known sick contacts.
        
        VITAL SIGNS:
        - Blood Pressure: 129/87 mmHg (sitting)
        - Heart Rate: 76 bpm (regular)
        - Temperature: 99.6 F (oral)
        - Respiratory Rate: 17 breaths/min
        - SpO2: 99% on room air
        
        PHYSICAL EXAMINATION:
        General: Well-developed, well-nourished individual in mild distress.
        Chest/Lungs: Clear to auscultation bilaterally, no wheezes or rales.
        Cardiovascular: Normal S1, S2, regular rhythm, no murmurs detected.
        Abdomen: Soft, non-distended, mild tenderness as noted in report.
        
        ASSESSMENT / DIAGNOSIS:
        Acute Pharyngitis - symptomatic treatment initiated.
        
        TREATMENT PLAN & PRESCRIPTION:
        1. Rx: Lisinopril 10mg - daily in the morning. Take exactly as directed.
        2. Rest and adequate hydration. Avoid strenuous physical activity for 72 hours.
        3. Follow-up in clinic in 10 days if symptoms do not improve.
        4. Patient instructed to present to the Emergency Department immediately if chest pain, severe dyspnea, or high fever develops.
        
        Dr. Elizabeth Blackwell, MD
        License Number: MD-9827364-CA",Medical Report
"CLINICAL ENCOUNTER SUMMARY & MEDICAL REPORT
        St. Jude Memorial Hospital | Outpatient Clinic
        
        PATIENT DEMOGRAPHICS:
        Patient Name: John Smith
        Date of Birth: 4/22/1977
        Gender: Male
        Date of Encounter: June 15, 2026
        Primary Physician: Dr. Elizabeth Blackwell, MD
        
        CLINICAL PRESENTATION & CHIEF COMPLAINT:
        The patient presents with recurrent throbbing headache in the temporal region with photophobia. Symptoms have been persistent, affecting daily routines. No history of travel or exposure to known sick contacts.
        
        VITAL SIGNS:
        - Blood Pressure: 113/92 mmHg (sitting)
        - Heart Rate: 61 bpm (regular)
        - Temperature: 101.3 F (oral)
        - Respiratory Rate: 18 breaths/min
        - SpO2: 98% on room air
        
        PHYSICAL EXAMINATION:
        General: Well-developed, well-nourished individual in mild distress.
        Chest/Lungs: Clear to auscultation bilaterally, no wheezes or rales.
        Cardiovascular: Normal S1, S2, regular rhythm, no murmurs detected.
        Abdomen: Soft, non-distended, mild tenderness as noted in report.
        
        ASSESSMENT / DIAGNOSIS:
        Migraine headache without aura - stress-induced.
        
        TREATMENT PLAN & PRESCRIPTION:
        1. Rx: Lisinopril 10mg - daily in the morning. Take exactly as directed.
        2. Rest and adequate hydration. Avoid strenuous physical activity for 72 hours.
        3. Follow-up in clinic in 10 days if symptoms do not improve.
        4. Patient instructed to present to the Emergency Department immediately if chest pain, severe dyspnea, or high fever develops.
        
        Dr. Elizabeth Blackwell, MD
        License Number: MD-9827364-CA",Medical Report
"CLINICAL ENCOUNTER SUMMARY & MEDICAL REPORT
        St. Jude Memorial Hospital | Outpatient Clinic
        
        PATIENT DEMOGRAPHICS:
        Patient Name: David Patel
        Date of Birth: 10/5/1963
        Gender: Other
        Date of Encounter: June 15, 2026
        Primary Physician: Dr. Elizabeth Blackwell, MD
        
        CLINICAL PRESENTATION & CHIEF COMPLAINT:
        The patient presents with recurrent throbbing headache in the temporal region with photophobia. Symptoms have been persistent, affecting daily routines. No history of travel or exposure to known sick contacts.
        
        VITAL SIGNS:
        - Blood Pressure: 135/86 mmHg (sitting)
        - Heart Rate: 71 bpm (regular)
        - Temperature: 101.3 F (oral)
        - Respiratory Rate: 17 breaths/min
        - SpO2: 96% on room air
        
        PHYSICAL EXAMINATION:
        General: Well-developed, well-nourished individual in mild distress.
        Chest/Lungs: Clear to auscultation bilaterally, no wheezes or rales.
        Cardiovascular: Normal S1, S2, regular rhythm, no murmurs detected.
        Abdomen: Soft, non-distended, mild tenderness as noted in report.
        
        ASSESSMENT / DIAGNOSIS:
        Gastroesophageal Reflux Disease (GERD) with mild gastritis.
        
        TREATMENT PLAN & PRESCRIPTION:
        1. Rx: Acetaminophen 500mg - every 4-6 hours for fever/aches. Take exactly as directed.
        2. Rest and adequate hydration. Avoid strenuous physical activity for 72 hours.
        3. Follow-up in clinic in 10 days if symptoms do not improve.
        4. Patient instructed to present to the Emergency Department immediately if chest pain, severe dyspnea, or high fever develops.
        
        Dr. Elizabeth Blackwell, MD
        License Number: MD-9827364-CA",Medical Report
"CLINICAL ENCOUNTER SUMMARY & MEDICAL REPORT
        St. Jude Memorial Hospital | Outpatient Clinic
        
        PATIENT DEMOGRAPHICS:
        Patient Name: Rachel Green
        Date of Birth: 3/5/1984
        Gender: Male
        Date of Encounter: June 15, 2026
        Primary Physician: Dr. Elizabeth Blackwell, MD
        
        CLINICAL PRESENTATION & CHIEF COMPLAINT:
        The patient presents with sore throat, difficulty swallowing, nasal congestion, and body aches. Symptoms have been persistent, affecting daily routines. No history of travel or exposure to known sick contacts.
        
        VITAL SIGNS:
        - Blood Pressure: 129/82 mmHg (sitting)
        - Heart Rate: 60 bpm (regular)
        - Temperature: 100.5 F (oral)
        - Respiratory Rate: 20 breaths/min
        - SpO2: 96% on room air
        
        PHYSICAL EXAMINATION:
        General: Well-developed, well-nourished individual in mild distress.
        Chest/Lungs: Clear to auscultation bilaterally, no wheezes or rales.
        Cardiovascular: Normal S1, S2, regular rhythm, no murmurs detected.
        Abdomen: Soft, non-distended, mild tenderness as noted in report.
        
        ASSESSMENT / DIAGNOSIS:
        Hypertension Stage 1 and chronic venous insufficiency.
        
        TREATMENT PLAN & PRESCRIPTION:
        1. Rx: Ibuprofen 400mg - every 6 hours as needed for pain. Take exactly as directed.
        2. Rest and adequate hydration. Avoid strenuous physical activity for 72 hours.
        3. Follow-up in clinic in 10 days if symptoms do not improve.
        4. Patient instructed to present to the Emergency Department immediately if chest pain, severe dyspnea, or high fever develops.
        
        Dr. Elizabeth Blackwell, MD
        License Number: MD-9827364-CA",Medical Report
"CLINICAL ENCOUNTER SUMMARY & MEDICAL REPORT
        St. Jude Memorial Hospital | Outpatient Clinic
        
        PATIENT DEMOGRAPHICS:
        Patient Name: Sophia Al-Jamil
        Date of Birth: 8/12/2005
        Gender: Other
        Date of Encounter: June 15, 2026
        Primary Physician: Dr. Elizabeth Blackwell, MD
        
        CLINICAL PRESENTATION & CHIEF COMPLAINT:
        The patient presents with acute epigastric abdominal pain, nausea, and occasional vomiting. Symptoms have been persistent, affecting daily routines. No history of travel or exposure to known sick contacts.
        
        VITAL SIGNS:
        - Blood Pressure: 135/70 mmHg (sitting)
        - Heart Rate: 62 bpm (regular)
        - Temperature: 100.7 F (oral)
        - Respiratory Rate: 16 breaths/min
        - SpO2: 97% on room air
        
        PHYSICAL EXAMINATION:
        General: Well-developed, well-nourished individual in mild distress.
        Chest/Lungs: Clear to auscultation bilaterally, no wheezes or rales.
        Cardiovascular: Normal S1, S2, regular rhythm, no murmurs detected.
        Abdomen: Soft, non-distended, mild tenderness as noted in report.
        
        ASSESSMENT / DIAGNOSIS:
        Lumbar radiculopathy - suspected L4-L5 disc bulge.
        
        TREATMENT PLAN & PRESCRIPTION:
        1. Rx: Lisinopril 10mg - daily in the morning. Take exactly as directed.
        2. Rest and adequate hydration. Avoid strenuous physical activity for 72 hours.
        3. Follow-up in clinic in 10 days if symptoms do not improve.
        4. Patient instructed to present to the Emergency Department immediately if chest pain, severe dyspnea, or high fever develops.
        
        Dr. Elizabeth Blackwell, MD
        License Number: MD-9827364-CA",Medical Report
"CLINICAL ENCOUNTER SUMMARY & MEDICAL REPORT
        St. Jude Memorial Hospital | Outpatient Clinic
        
        PATIENT DEMOGRAPHICS:
        Patient Name: James Watson
        Date of Birth: 2/1/2002
        Gender: Male
        Date of Encounter: June 15, 2026
        Primary Physician: Dr. Elizabeth Blackwell, MD
        
        CLINICAL PRESENTATION & CHIEF COMPLAINT:
        The patient presents with shortness of breath on exertion, mild bilateral ankle edema, and palpitations. Symptoms have been persistent, affecting daily routines. No history of travel or exposure to known sick contacts.
        
        VITAL SIGNS:
        - Blood Pressure: 125/71 mmHg (sitting)
        - Heart Rate: 70 bpm (regular)
        - Temperature: 98.8 F (oral)
        - Respiratory Rate: 17 breaths/min
        - SpO2: 97% on room air
        
        PHYSICAL EXAMINATION:
        General: Well-developed, well-nourished individual in mild distress.
        Chest/Lungs: Clear to auscultation bilaterally, no wheezes or rales.
        Cardiovascular: Normal S1, S2, regular rhythm, no murmurs detected.
        Abdomen: Soft, non-distended, mild tenderness as noted in report.
        
        ASSESSMENT / DIAGNOSIS:
        Gastroesophageal Reflux Disease (GERD) with mild gastritis.
        
        TREATMENT PLAN & PRESCRIPTION:
        1. Rx: Omeprazole 20mg - daily before breakfast for 14 days. Take exactly as directed.
        2. Rest and adequate hydration. Avoid strenuous physical activity for 72 hours.
        3. Follow-up in clinic in 10 days if symptoms do not improve.
        4. Patient instructed to present to the Emergency Department immediately if chest pain, severe dyspnea, or high fever develops.
        
        Dr. Elizabeth Blackwell, MD
        License Number: MD-9827364-CA",Medical Report
"CLINICAL ENCOUNTER SUMMARY & MEDICAL REPORT
        St. Jude Memorial Hospital | Outpatient Clinic
        
        PATIENT DEMOGRAPHICS:
        Patient Name: Alex Rivera
        Date of Birth: 12/16/1972
        Gender: Male
        Date of Encounter: June 15, 2026
        Primary Physician: Dr. Elizabeth Blackwell, MD
        
        CLINICAL PRESENTATION & CHIEF COMPLAINT:
        The patient presents with sore throat, difficulty swallowing, nasal congestion, and body aches. Symptoms have been persistent, affecting daily routines. No history of travel or exposure to known sick contacts.
        
        VITAL SIGNS:
        - Blood Pressure: 129/91 mmHg (sitting)
        - Heart Rate: 73 bpm (regular)
        - Temperature: 99.3 F (oral)
        - Respiratory Rate: 19 breaths/min
        - SpO2: 97% on room air
        
        PHYSICAL EXAMINATION:
        General: Well-developed, well-nourished individual in mild distress.
        Chest/Lungs: Clear to auscultation bilaterally, no wheezes or rales.
        Cardiovascular: Normal S1, S2, regular rhythm, no murmurs detected.
        Abdomen: Soft, non-distended, mild tenderness as noted in report.
        
        ASSESSMENT / DIAGNOSIS:
        Hypertension Stage 1 and chronic venous insufficiency.
        
        TREATMENT PLAN & PRESCRIPTION:
        1. Rx: Lisinopril 10mg - daily in the morning. Take exactly as directed.
        2. Rest and adequate hydration. Avoid strenuous physical activity for 72 hours.
        3. Follow-up in clinic in 10 days if symptoms do not improve.
        4. Patient instructed to present to the Emergency Department immediately if chest pain, severe dyspnea, or high fever develops.
        
        Dr. Elizabeth Blackwell, MD
        License Number: MD-9827364-CA",Medical Report
"CLINICAL ENCOUNTER SUMMARY & MEDICAL REPORT
        St. Jude Memorial Hospital | Outpatient Clinic
        
        PATIENT DEMOGRAPHICS:
        Patient Name: James Watson
        Date of Birth: 8/10/2000
        Gender: Female
        Date of Encounter: June 15, 2026
        Primary Physician: Dr. Elizabeth Blackwell, MD
        
        CLINICAL PRESENTATION & CHIEF COMPLAINT:
        The patient presents with shortness of breath on exertion, mild bilateral ankle edema, and palpitations. Symptoms have been persistent, affecting daily routines. No history of travel or exposure to known sick contacts.
        
        VITAL SIGNS:
        - Blood Pressure: 135/77 mmHg (sitting)
        - Heart Rate: 94 bpm (regular)
        - Temperature: 99.1 F (oral)
        - Respiratory Rate: 15 breaths/min
        - SpO2: 97% on room air
        
        PHYSICAL EXAMINATION:
        General: Well-developed, well-nourished individual in mild distress.
        Chest/Lungs: Clear to auscultation bilaterally, no wheezes or rales.
        Cardiovascular: Normal S1, S2, regular rhythm, no murmurs detected.
        Abdomen: Soft, non-distended, mild tenderness as noted in report.
        
        ASSESSMENT / DIAGNOSIS:
        Mild Acute Bronchitis - secondary to viral infection.
        
        TREATMENT PLAN & PRESCRIPTION:
        1. Rx: Sumatriptan 50mg - as needed at onset of headache. Take exactly as directed.
        2. Rest and adequate hydration. Avoid strenuous physical activity for 72 hours.
        3. Follow-up in clinic in 10 days if symptoms do not improve.
        4. Patient instructed to present to the Emergency Department immediately if chest pain, severe dyspnea, or high fever develops.
        
        Dr. Elizabeth Blackwell, MD
        License Number: MD-9827364-CA",Medical Report
"CLINICAL ENCOUNTER SUMMARY & MEDICAL REPORT
        St. Jude Memorial Hospital | Outpatient Clinic
        
        PATIENT DEMOGRAPHICS:
        Patient Name: Michael Scott
        Date of Birth: 1/5/1970
        Gender: Female
        Date of Encounter: June 15, 2026
        Primary Physician: Dr. Elizabeth Blackwell, MD
        
        CLINICAL PRESENTATION & CHIEF COMPLAINT:
        The patient presents with recurrent throbbing headache in the temporal region with photophobia. Symptoms have been persistent, affecting daily routines. No history of travel or exposure to known sick contacts.
        
        VITAL SIGNS:
        - Blood Pressure: 126/82 mmHg (sitting)
        - Heart Rate: 88 bpm (regular)
        - Temperature: 98.1 F (oral)
        - Respiratory Rate: 19 breaths/min
        - SpO2: 96% on room air
        
        PHYSICAL EXAMINATION:
        General: Well-developed, well-nourished individual in mild distress.
        Chest/Lungs: Clear to auscultation bilaterally, no wheezes or rales.
        Cardiovascular: Normal S1, S2, regular rhythm, no murmurs detected.
        Abdomen: Soft, non-distended, mild tenderness as noted in report.
        
        ASSESSMENT / DIAGNOSIS:
        Migraine headache without aura - stress-induced.
        
        TREATMENT PLAN & PRESCRIPTION:
        1. Rx: Acetaminophen 500mg - every 4-6 hours for fever/aches. Take exactly as directed.
        2. Rest and adequate hydration. Avoid strenuous physical activity for 72 hours.
        3. Follow-up in clinic in 10 days if symptoms do not improve.
        4. Patient instructed to present to the Emergency Department immediately if chest pain, severe dyspnea, or high fever develops.
        
        Dr. Elizabeth Blackwell, MD
        License Number: MD-9827364-CA",Medical Report
"CLINICAL ENCOUNTER SUMMARY & MEDICAL REPORT
        St. Jude Memorial Hospital | Outpatient Clinic
        
        PATIENT DEMOGRAPHICS:
        Patient Name: Sophia Al-Jamil
        Date of Birth: 9/27/2000
        Gender: Other
        Date of Encounter: June 15, 2026
        Primary Physician: Dr. Elizabeth Blackwell, MD
        
        CLINICAL PRESENTATION & CHIEF COMPLAINT:
        The patient presents with sore throat, difficulty swallowing, nasal congestion, and body aches. Symptoms have been persistent, affecting daily routines. No history of travel or exposure to known sick contacts.
        
        VITAL SIGNS:
        - Blood Pressure: 136/87 mmHg (sitting)
        - Heart Rate: 66 bpm (regular)
        - Temperature: 99.6 F (oral)
        - Respiratory Rate: 16 breaths/min
        - SpO2: 99% on room air
        
        PHYSICAL EXAMINATION:
        General: Well-developed, well-nourished individual in mild distress.
        Chest/Lungs: Clear to auscultation bilaterally, no wheezes or rales.
        Cardiovascular: Normal S1, S2, regular rhythm, no murmurs detected.
        Abdomen: Soft, non-distended, mild tenderness as noted in report.
        
        ASSESSMENT / DIAGNOSIS:
        Acute Pharyngitis - symptomatic treatment initiated.
        
        TREATMENT PLAN & PRESCRIPTION:
        1. Rx: Acetaminophen 500mg - every 4-6 hours for fever/aches. Take exactly as directed.
        2. Rest and adequate hydration. Avoid strenuous physical activity for 72 hours.
        3. Follow-up in clinic in 10 days if symptoms do not improve.
        4. Patient instructed to present to the Emergency Department immediately if chest pain, severe dyspnea, or high fever develops.
        
        Dr. Elizabeth Blackwell, MD
        License Number: MD-9827364-CA",Medical Report
"CLINICAL ENCOUNTER SUMMARY & MEDICAL REPORT
        St. Jude Memorial Hospital | Outpatient Clinic
        
        PATIENT DEMOGRAPHICS:
        Patient Name: Rachel Green
        Date of Birth: 3/28/1994
        Gender: Other
        Date of Encounter: June 15, 2026
        Primary Physician: Dr. Elizabeth Blackwell, MD
        
        CLINICAL PRESENTATION & CHIEF COMPLAINT:
        The patient presents with acute epigastric abdominal pain, nausea, and occasional vomiting. Symptoms have been persistent, affecting daily routines. No history of travel or exposure to known sick contacts.
        
        VITAL SIGNS:
        - Blood Pressure: 142/92 mmHg (sitting)
        - Heart Rate: 81 bpm (regular)
        - Temperature: 98.8 F (oral)
        - Respiratory Rate: 14 breaths/min
        - SpO2: 97% on room air
        
        PHYSICAL EXAMINATION:
        General: Well-developed, well-nourished individual in mild distress.
        Chest/Lungs: Clear to auscultation bilaterally, no wheezes or rales.
        Cardiovascular: Normal S1, S2, regular rhythm, no murmurs detected.
        Abdomen: Soft, non-distended, mild tenderness as noted in report.
        
        ASSESSMENT / DIAGNOSIS:
        Lumbar radiculopathy - suspected L4-L5 disc bulge.
        
        TREATMENT PLAN & PRESCRIPTION:
        1. Rx: Sumatriptan 50mg - as needed at onset of headache. Take exactly as directed.
        2. Rest and adequate hydration. Avoid strenuous physical activity for 72 hours.
        3. Follow-up in clinic in 10 days if symptoms do not improve.
        4. Patient instructed to present to the Emergency Department immediately if chest pain, severe dyspnea, or high fever develops.
        
        Dr. Elizabeth Blackwell, MD
        License Number: MD-9827364-CA",Medical Report
"CLINICAL ENCOUNTER SUMMARY & MEDICAL REPORT
        St. Jude Memorial Hospital | Outpatient Clinic
        
        PATIENT DEMOGRAPHICS:
        Patient Name: John Smith
        Date of Birth: 4/13/1990
        Gender: Female
        Date of Encounter: June 15, 2026
        Primary Physician: Dr. Elizabeth Blackwell, MD
        
        CLINICAL PRESENTATION & CHIEF COMPLAINT:
        The patient presents with persistent non-productive cough, fatigue, and low-grade fever for 4 days. Symptoms have been persistent, affecting daily routines. No history of travel or exposure to known sick contacts.
        
        VITAL SIGNS:
        - Blood Pressure: 135/88 mmHg (sitting)
        - Heart Rate: 65 bpm (regular)
        - Temperature: 99.2 F (oral)
        - Respiratory Rate: 17 breaths/min
        - SpO2: 99% on room air
        
        PHYSICAL EXAMINATION:
        General: Well-developed, well-nourished individual in mild distress.
        Chest/Lungs: Clear to auscultation bilaterally, no wheezes or rales.
        Cardiovascular: Normal S1, S2, regular rhythm, no murmurs detected.
        Abdomen: Soft, non-distended, mild tenderness as noted in report.
        
        ASSESSMENT / DIAGNOSIS:
        Gastroesophageal Reflux Disease (GERD) with mild gastritis.
        
        TREATMENT PLAN & PRESCRIPTION:
        1. Rx: Sumatriptan 50mg - as needed at onset of headache. Take exactly as directed.
        2. Rest and adequate hydration. Avoid strenuous physical activity for 72 hours.
        3. Follow-up in clinic in 10 days if symptoms do not improve.
        4. Patient instructed to present to the Emergency Department immediately if chest pain, severe dyspnea, or high fever develops.
        
        Dr. Elizabeth Blackwell, MD
        License Number: MD-9827364-CA",Medical Report
"MUTUAL NONDISCLOSURE AGREEMENT
        
        THIS AGREEMENT is entered into this 15th day of June, 2026 (the ""Effective Date""), by and between:
        - Apex Systems, a corporation organized and existing under the laws of the Commonwealth of Massachusetts, with its principal place of business at 123 Corporate Blvd (hereinafter ""Disclosing Party""), and
        - Wayne Tech, a limited liability company organized and existing under the laws of the Commonwealth of Massachusetts, with its principal place of business at 789 Partner St (hereinafter ""Receiving Party"").
        
        WHEREAS, the parties desire to enter into discussions regarding a potential business transaction, collaboration, or relationship (the ""Purpose""); and
        
        WHEREAS, in connection with the Purpose, the Disclosing Party may disclose certain proprietary, confidential, or trade secret information to the Receiving Party;
        
        NOW, THEREFORE, in consideration of the mutual covenants contained herein and other good and valuable consideration, the parties agree as follows:
        
        1. Confidentiality obligations: The Recipient shall keep the Confidential Information strictly confidential and shall not disclose it to any third party without prior written consent.
        2. Governing law: The Contractor is an independent contractor, and nothing in this Agreement shall create an employer-employee relationship, partnership, or joint venture.
        3. Term: This Agreement shall commence on the Effective Date and remain in effect for a period of two (2) years, unless terminated earlier by mutual written agreement.
        4. Remedies: The Receiving Party acknowledges that a breach of this Agreement may cause irreparable harm for which monetary damages would be inadequate, and agrees that the Disclosing Party shall be entitled to seek injunctive relief.
        
        IN WITNESS WHEREOF, the parties hereto have executed this Agreement by their authorized representatives as of the Effective Date written above.
        
        For Disclosing Party (Apex Systems):
        By: ___________________________
        Name: John Smith, CEO
        
        For Receiving Party (Wayne Tech):
        By: ___________________________
        Name: Jane Doe, Managing Director",Legal Document
"MUTUAL NONDISCLOSURE AGREEMENT
        
        THIS AGREEMENT is entered into this 15th day of June, 2026 (the ""Effective Date""), by and between:
        - Globex Corporation, a corporation organized and existing under the laws of the State of California, with its principal place of business at 123 Corporate Blvd (hereinafter ""Disclosing Party""), and
        - Apex Systems, a limited liability company organized and existing under the laws of the State of California, with its principal place of business at 789 Partner St (hereinafter ""Receiving Party"").
        
        WHEREAS, the parties desire to enter into discussions regarding a potential business transaction, collaboration, or relationship (the ""Purpose""); and
        
        WHEREAS, in connection with the Purpose, the Disclosing Party may disclose certain proprietary, confidential, or trade secret information to the Receiving Party;
        
        NOW, THEREFORE, in consideration of the mutual covenants contained herein and other good and valuable consideration, the parties agree as follows:
        
        1. Confidentiality obligations: This Agreement shall be governed by and construed in accordance with the laws of the jurisdiction specified, excluding its conflict of law principles.
        2. Governing law: Either party may terminate this Agreement upon thirty (30) days written notice to the other party in the event of a material breach of terms.
        3. Term: This Agreement shall commence on the Effective Date and remain in effect for a period of two (2) years, unless terminated earlier by mutual written agreement.
        4. Remedies: The Receiving Party acknowledges that a breach of this Agreement may cause irreparable harm for which monetary damages would be inadequate, and agrees that the Disclosing Party shall be entitled to seek injunctive relief.
        
        IN WITNESS WHEREOF, the parties hereto have executed this Agreement by their authorized representatives as of the Effective Date written above.
        
        For Disclosing Party (Globex Corporation):
        By: ___________________________
        Name: John Smith, CEO
        
        For Receiving Party (Apex Systems):
        By: ___________________________
        Name: Jane Doe, Managing Director",Legal Document
"INDEPENDENT CONTRACTOR AGREEMENT
        
        THIS AGREEMENT is entered into this 15th day of June, 2026 (the ""Effective Date""), by and between:
        - Globex Corporation, a corporation organized and existing under the laws of the State of Delaware, with its principal place of business at 123 Corporate Blvd (hereinafter ""Disclosing Party""), and
        - Apex Systems, a limited liability company organized and existing under the laws of the State of Delaware, with its principal place of business at 789 Partner St (hereinafter ""Receiving Party"").
        
        WHEREAS, the parties desire to enter into discussions regarding a potential business transaction, collaboration, or relationship (the ""Purpose""); and
        
        WHEREAS, in connection with the Purpose, the Disclosing Party may disclose certain proprietary, confidential, or trade secret information to the Receiving Party;
        
        NOW, THEREFORE, in consideration of the mutual covenants contained herein and other good and valuable consideration, the parties agree as follows:
        
        1. Confidentiality obligations: This Agreement shall be governed by and construed in accordance with the laws of the jurisdiction specified, excluding its conflict of law principles.
        2. Governing law: The Contractor is an independent contractor, and nothing in this Agreement shall create an employer-employee relationship, partnership, or joint venture.
        3. Term: This Agreement shall commence on the Effective Date and remain in effect for a period of two (2) years, unless terminated earlier by mutual written agreement.
        4. Remedies: The Receiving Party acknowledges that a breach of this Agreement may cause irreparable harm for which monetary damages would be inadequate, and agrees that the Disclosing Party shall be entitled to seek injunctive relief.
        
        IN WITNESS WHEREOF, the parties hereto have executed this Agreement by their authorized representatives as of the Effective Date written above.
        
        For Disclosing Party (Globex Corporation):
        By: ___________________________
        Name: John Smith, CEO
        
        For Receiving Party (Apex Systems):
        By: ___________________________
        Name: Jane Doe, Managing Director",Legal Document
"INDEPENDENT CONTRACTOR AGREEMENT
        
        THIS AGREEMENT is entered into this 15th day of June, 2026 (the ""Effective Date""), by and between:
        - Apex Systems, a corporation organized and existing under the laws of the State of New York, with its principal place of business at 123 Corporate Blvd (hereinafter ""Disclosing Party""), and
        - Innovate LLC, a limited liability company organized and existing under the laws of the State of New York, with its principal place of business at 789 Partner St (hereinafter ""Receiving Party"").
        
        WHEREAS, the parties desire to enter into discussions regarding a potential business transaction, collaboration, or relationship (the ""Purpose""); and
        
        WHEREAS, in connection with the Purpose, the Disclosing Party may disclose certain proprietary, confidential, or trade secret information to the Receiving Party;
        
        NOW, THEREFORE, in consideration of the mutual covenants contained herein and other good and valuable consideration, the parties agree as follows:
        
        1. Confidentiality obligations: Either party may terminate this Agreement upon thirty (30) days written notice to the other party in the event of a material breach of terms.
        2. Governing law: The Contractor is an independent contractor, and nothing in this Agreement shall create an employer-employee relationship, partnership, or joint venture.
        3. Term: This Agreement shall commence on the Effective Date and remain in effect for a period of two (2) years, unless terminated earlier by mutual written agreement.
        4. Remedies: The Receiving Party acknowledges that a breach of this Agreement may cause irreparable harm for which monetary damages would be inadequate, and agrees that the Disclosing Party shall be entitled to seek injunctive relief.
        
        IN WITNESS WHEREOF, the parties hereto have executed this Agreement by their authorized representatives as of the Effective Date written above.
        
        For Disclosing Party (Apex Systems):
        By: ___________________________
        Name: John Smith, CEO
        
        For Receiving Party (Innovate LLC):
        By: ___________________________
        Name: Jane Doe, Managing Director",Legal Document
"SOFTWARE LICENSE AGREEMENT
        
        THIS AGREEMENT is entered into this 15th day of June, 2026 (the ""Effective Date""), by and between:
        - Apex Systems, a corporation organized and existing under the laws of the State of California, with its principal place of business at 123 Corporate Blvd (hereinafter ""Disclosing Party""), and
        - Acme Inc, a limited liability company organized and existing under the laws of the State of California, with its principal place of business at 789 Partner St (hereinafter ""Receiving Party"").
        
        WHEREAS, the parties desire to enter into discussions regarding a potential business transaction, collaboration, or relationship (the ""Purpose""); and
        
        WHEREAS, in connection with the Purpose, the Disclosing Party may disclose certain proprietary, confidential, or trade secret information to the Receiving Party;
        
        NOW, THEREFORE, in consideration of the mutual covenants contained herein and other good and valuable consideration, the parties agree as follows:
        
        1. Confidentiality obligations: This Agreement shall be governed by and construed in accordance with the laws of the jurisdiction specified, excluding its conflict of law principles.
        2. Governing law: The Recipient shall keep the Confidential Information strictly confidential and shall not disclose it to any third party without prior written consent.
        3. Term: This Agreement shall commence on the Effective Date and remain in effect for a period of two (2) years, unless terminated earlier by mutual written agreement.
        4. Remedies: The Receiving Party acknowledges that a breach of this Agreement may cause irreparable harm for which monetary damages would be inadequate, and agrees that the Disclosing Party shall be entitled to seek injunctive relief.
        
        IN WITNESS WHEREOF, the parties hereto have executed this Agreement by their authorized representatives as of the Effective Date written above.
        
        For Disclosing Party (Apex Systems):
        By: ___________________________
        Name: John Smith, CEO
        
        For Receiving Party (Acme Inc):
        By: ___________________________
        Name: Jane Doe, Managing Director",Legal Document
"SOFTWARE LICENSE AGREEMENT
        
        THIS AGREEMENT is entered into this 15th day of June, 2026 (the ""Effective Date""), by and between:
        - Wayne Tech, a corporation organized and existing under the laws of the State of California, with its principal place of business at 123 Corporate Blvd (hereinafter ""Disclosing Party""), and
        - Apex Systems, a limited liability company organized and existing under the laws of the State of California, with its principal place of business at 789 Partner St (hereinafter ""Receiving Party"").
        
        WHEREAS, the parties desire to enter into discussions regarding a potential business transaction, collaboration, or relationship (the ""Purpose""); and
        
        WHEREAS, in connection with the Purpose, the Disclosing Party may disclose certain proprietary, confidential, or trade secret information to the Receiving Party;
        
        NOW, THEREFORE, in consideration of the mutual covenants contained herein and other good and valuable consideration, the parties agree as follows:
        
        1. Confidentiality obligations: If any provision of this Agreement is held to be invalid or unenforceable, the remaining provisions shall continue in full force and effect.
        2. Governing law: This Agreement shall be governed by and construed in accordance with the laws of the jurisdiction specified, excluding its conflict of law principles.
        3. Term: This Agreement shall commence on the Effective Date and remain in effect for a period of two (2) years, unless terminated earlier by mutual written agreement.
        4. Remedies: The Receiving Party acknowledges that a breach of this Agreement may cause irreparable harm for which monetary damages would be inadequate, and agrees that the Disclosing Party shall be entitled to seek injunctive relief.
        
        IN WITNESS WHEREOF, the parties hereto have executed this Agreement by their authorized representatives as of the Effective Date written above.
        
        For Disclosing Party (Wayne Tech):
        By: ___________________________
        Name: John Smith, CEO
        
        For Receiving Party (Apex Systems):
        By: ___________________________
        Name: Jane Doe, Managing Director",Legal Document
"MUTUAL NONDISCLOSURE AGREEMENT
        
        THIS AGREEMENT is entered into this 15th day of June, 2026 (the ""Effective Date""), by and between:
        - TechCorp Industries, a corporation organized and existing under the laws of the State of Texas, with its principal place of business at 123 Corporate Blvd (hereinafter ""Disclosing Party""), and
        - Innovate LLC, a limited liability company organized and existing under the laws of the State of Texas, with its principal place of business at 789 Partner St (hereinafter ""Receiving Party"").
        
        WHEREAS, the parties desire to enter into discussions regarding a potential business transaction, collaboration, or relationship (the ""Purpose""); and
        
        WHEREAS, in connection with the Purpose, the Disclosing Party may disclose certain proprietary, confidential, or trade secret information to the Receiving Party;
        
        NOW, THEREFORE, in consideration of the mutual covenants contained herein and other good and valuable consideration, the parties agree as follows:
        
        1. Confidentiality obligations: Either party may terminate this Agreement upon thirty (30) days written notice to the other party in the event of a material breach of terms.
        2. Governing law: The Recipient shall keep the Confidential Information strictly confidential and shall not disclose it to any third party without prior written consent.
        3. Term: This Agreement shall commence on the Effective Date and remain in effect for a period of two (2) years, unless terminated earlier by mutual written agreement.
        4. Remedies: The Receiving Party acknowledges that a breach of this Agreement may cause irreparable harm for which monetary damages would be inadequate, and agrees that the Disclosing Party shall be entitled to seek injunctive relief.
        
        IN WITNESS WHEREOF, the parties hereto have executed this Agreement by their authorized representatives as of the Effective Date written above.
        
        For Disclosing Party (TechCorp Industries):
        By: ___________________________
        Name: John Smith, CEO
        
        For Receiving Party (Innovate LLC):
        By: ___________________________
        Name: Jane Doe, Managing Director",Legal Document
"SOFTWARE LICENSE AGREEMENT
        
        THIS AGREEMENT is entered into this 15th day of June, 2026 (the ""Effective Date""), by and between:
        - Wayne Tech, a corporation organized and existing under the laws of the State of Delaware, with its principal place of business at 123 Corporate Blvd (hereinafter ""Disclosing Party""), and
        - Innovate LLC, a limited liability company organized and existing under the laws of the State of Delaware, with its principal place of business at 789 Partner St (hereinafter ""Receiving Party"").
        
        WHEREAS, the parties desire to enter into discussions regarding a potential business transaction, collaboration, or relationship (the ""Purpose""); and
        
        WHEREAS, in connection with the Purpose, the Disclosing Party may disclose certain proprietary, confidential, or trade secret information to the Receiving Party;
        
        NOW, THEREFORE, in consideration of the mutual covenants contained herein and other good and valuable consideration, the parties agree as follows:
        
        1. Confidentiality obligations: The Contractor is an independent contractor, and nothing in this Agreement shall create an employer-employee relationship, partnership, or joint venture.
        2. Governing law: If any provision of this Agreement is held to be invalid or unenforceable, the remaining provisions shall continue in full force and effect.
        3. Term: This Agreement shall commence on the Effective Date and remain in effect for a period of two (2) years, unless terminated earlier by mutual written agreement.
        4. Remedies: The Receiving Party acknowledges that a breach of this Agreement may cause irreparable harm for which monetary damages would be inadequate, and agrees that the Disclosing Party shall be entitled to seek injunctive relief.
        
        IN WITNESS WHEREOF, the parties hereto have executed this Agreement by their authorized representatives as of the Effective Date written above.
        
        For Disclosing Party (Wayne Tech):
        By: ___________________________
        Name: John Smith, CEO
        
        For Receiving Party (Innovate LLC):
        By: ___________________________
        Name: Jane Doe, Managing Director",Legal Document
"COMMERCIAL LEASE AGREEMENT
        
        THIS AGREEMENT is entered into this 15th day of June, 2026 (the ""Effective Date""), by and between:
        - Globex Corporation, a corporation organized and existing under the laws of the State of New York, with its principal place of business at 123 Corporate Blvd (hereinafter ""Disclosing Party""), and
        - Innovate LLC, a limited liability company organized and existing under the laws of the State of New York, with its principal place of business at 789 Partner St (hereinafter ""Receiving Party"").
        
        WHEREAS, the parties desire to enter into discussions regarding a potential business transaction, collaboration, or relationship (the ""Purpose""); and
        
        WHEREAS, in connection with the Purpose, the Disclosing Party may disclose certain proprietary, confidential, or trade secret information to the Receiving Party;
        
        NOW, THEREFORE, in consideration of the mutual covenants contained herein and other good and valuable consideration, the parties agree as follows:
        
        1. Confidentiality obligations: If any provision of this Agreement is held to be invalid or unenforceable, the remaining provisions shall continue in full force and effect.
        2. Governing law: This Agreement shall be governed by and construed in accordance with the laws of the jurisdiction specified, excluding its conflict of law principles.
        3. Term: This Agreement shall commence on the Effective Date and remain in effect for a period of two (2) years, unless terminated earlier by mutual written agreement.
        4. Remedies: The Receiving Party acknowledges that a breach of this Agreement may cause irreparable harm for which monetary damages would be inadequate, and agrees that the Disclosing Party shall be entitled to seek injunctive relief.
        
        IN WITNESS WHEREOF, the parties hereto have executed this Agreement by their authorized representatives as of the Effective Date written above.
        
        For Disclosing Party (Globex Corporation):
        By: ___________________________
        Name: John Smith, CEO
        
        For Receiving Party (Innovate LLC):
        By: ___________________________
        Name: Jane Doe, Managing Director",Legal Document
"MUTUAL NONDISCLOSURE AGREEMENT
        
        THIS AGREEMENT is entered into this 15th day of June, 2026 (the ""Effective Date""), by and between:
        - Globex Corporation, a corporation organized and existing under the laws of the State of Texas, with its principal place of business at 123 Corporate Blvd (hereinafter ""Disclosing Party""), and
        - TechCorp Industries, a limited liability company organized and existing under the laws of the State of Texas, with its principal place of business at 789 Partner St (hereinafter ""Receiving Party"").
        
        WHEREAS, the parties desire to enter into discussions regarding a potential business transaction, collaboration, or relationship (the ""Purpose""); and
        
        WHEREAS, in connection with the Purpose, the Disclosing Party may disclose certain proprietary, confidential, or trade secret information to the Receiving Party;
        
        NOW, THEREFORE, in consideration of the mutual covenants contained herein and other good and valuable consideration, the parties agree as follows:
        
        1. Confidentiality obligations: This Agreement shall be governed by and construed in accordance with the laws of the jurisdiction specified, excluding its conflict of law principles.
        2. Governing law: The Recipient shall keep the Confidential Information strictly confidential and shall not disclose it to any third party without prior written consent.
        3. Term: This Agreement shall commence on the Effective Date and remain in effect for a period of two (2) years, unless terminated earlier by mutual written agreement.
        4. Remedies: The Receiving Party acknowledges that a breach of this Agreement may cause irreparable harm for which monetary damages would be inadequate, and agrees that the Disclosing Party shall be entitled to seek injunctive relief.
        
        IN WITNESS WHEREOF, the parties hereto have executed this Agreement by their authorized representatives as of the Effective Date written above.
        
        For Disclosing Party (Globex Corporation):
        By: ___________________________
        Name: John Smith, CEO
        
        For Receiving Party (TechCorp Industries):
        By: ___________________________
        Name: Jane Doe, Managing Director",Legal Document
"INDEPENDENT CONTRACTOR AGREEMENT
        
        THIS AGREEMENT is entered into this 15th day of June, 2026 (the ""Effective Date""), by and between:
        - Globex Corporation, a corporation organized and existing under the laws of the State of Texas, with its principal place of business at 123 Corporate Blvd (hereinafter ""Disclosing Party""), and
        - Apex Systems, a limited liability company organized and existing under the laws of the State of Texas, with its principal place of business at 789 Partner St (hereinafter ""Receiving Party"").
        
        WHEREAS, the parties desire to enter into discussions regarding a potential business transaction, collaboration, or relationship (the ""Purpose""); and
        
        WHEREAS, in connection with the Purpose, the Disclosing Party may disclose certain proprietary, confidential, or trade secret information to the Receiving Party;
        
        NOW, THEREFORE, in consideration of the mutual covenants contained herein and other good and valuable consideration, the parties agree as follows:
        
        1. Confidentiality obligations: The Contractor is an independent contractor, and nothing in this Agreement shall create an employer-employee relationship, partnership, or joint venture.
        2. Governing law: If any provision of this Agreement is held to be invalid or unenforceable, the remaining provisions shall continue in full force and effect.
        3. Term: This Agreement shall commence on the Effective Date and remain in effect for a period of two (2) years, unless terminated earlier by mutual written agreement.
        4. Remedies: The Receiving Party acknowledges that a breach of this Agreement may cause irreparable harm for which monetary damages would be inadequate, and agrees that the Disclosing Party shall be entitled to seek injunctive relief.
        
        IN WITNESS WHEREOF, the parties hereto have executed this Agreement by their authorized representatives as of the Effective Date written above.
        
        For Disclosing Party (Globex Corporation):
        By: ___________________________
        Name: John Smith, CEO
        
        For Receiving Party (Apex Systems):
        By: ___________________________
        Name: Jane Doe, Managing Director",Legal Document
"COMMERCIAL LEASE AGREEMENT
        
        THIS AGREEMENT is entered into this 15th day of June, 2026 (the ""Effective Date""), by and between:
        - TechCorp Industries, a corporation organized and existing under the laws of the Commonwealth of Massachusetts, with its principal place of business at 123 Corporate Blvd (hereinafter ""Disclosing Party""), and
        - Innovate LLC, a limited liability company organized and existing under the laws of the Commonwealth of Massachusetts, with its principal place of business at 789 Partner St (hereinafter ""Receiving Party"").
        
        WHEREAS, the parties desire to enter into discussions regarding a potential business transaction, collaboration, or relationship (the ""Purpose""); and
        
        WHEREAS, in connection with the Purpose, the Disclosing Party may disclose certain proprietary, confidential, or trade secret information to the Receiving Party;
        
        NOW, THEREFORE, in consideration of the mutual covenants contained herein and other good and valuable consideration, the parties agree as follows:
        
        1. Confidentiality obligations: If any provision of this Agreement is held to be invalid or unenforceable, the remaining provisions shall continue in full force and effect.
        2. Governing law: The Contractor is an independent contractor, and nothing in this Agreement shall create an employer-employee relationship, partnership, or joint venture.
        3. Term: This Agreement shall commence on the Effective Date and remain in effect for a period of two (2) years, unless terminated earlier by mutual written agreement.
        4. Remedies: The Receiving Party acknowledges that a breach of this Agreement may cause irreparable harm for which monetary damages would be inadequate, and agrees that the Disclosing Party shall be entitled to seek injunctive relief.
        
        IN WITNESS WHEREOF, the parties hereto have executed this Agreement by their authorized representatives as of the Effective Date written above.
        
        For Disclosing Party (TechCorp Industries):
        By: ___________________________
        Name: John Smith, CEO
        
        For Receiving Party (Innovate LLC):
        By: ___________________________
        Name: Jane Doe, Managing Director",Legal Document
"SOFTWARE LICENSE AGREEMENT
        
        THIS AGREEMENT is entered into this 15th day of June, 2026 (the ""Effective Date""), by and between:
        - TechCorp Industries, a corporation organized and existing under the laws of the State of California, with its principal place of business at 123 Corporate Blvd (hereinafter ""Disclosing Party""), and
        - Wayne Tech, a limited liability company organized and existing under the laws of the State of California, with its principal place of business at 789 Partner St (hereinafter ""Receiving Party"").
        
        WHEREAS, the parties desire to enter into discussions regarding a potential business transaction, collaboration, or relationship (the ""Purpose""); and
        
        WHEREAS, in connection with the Purpose, the Disclosing Party may disclose certain proprietary, confidential, or trade secret information to the Receiving Party;
        
        NOW, THEREFORE, in consideration of the mutual covenants contained herein and other good and valuable consideration, the parties agree as follows:
        
        1. Confidentiality obligations: Either party may terminate this Agreement upon thirty (30) days written notice to the other party in the event of a material breach of terms.
        2. Governing law: This Agreement shall be governed by and construed in accordance with the laws of the jurisdiction specified, excluding its conflict of law principles.
        3. Term: This Agreement shall commence on the Effective Date and remain in effect for a period of two (2) years, unless terminated earlier by mutual written agreement.
        4. Remedies: The Receiving Party acknowledges that a breach of this Agreement may cause irreparable harm for which monetary damages would be inadequate, and agrees that the Disclosing Party shall be entitled to seek injunctive relief.
        
        IN WITNESS WHEREOF, the parties hereto have executed this Agreement by their authorized representatives as of the Effective Date written above.
        
        For Disclosing Party (TechCorp Industries):
        By: ___________________________
        Name: John Smith, CEO
        
        For Receiving Party (Wayne Tech):
        By: ___________________________
        Name: Jane Doe, Managing Director",Legal Document
"INDEPENDENT CONTRACTOR AGREEMENT
        
        THIS AGREEMENT is entered into this 15th day of June, 2026 (the ""Effective Date""), by and between:
        - Apex Systems, a corporation organized and existing under the laws of the State of Texas, with its principal place of business at 123 Corporate Blvd (hereinafter ""Disclosing Party""), and
        - TechCorp Industries, a limited liability company organized and existing under the laws of the State of Texas, with its principal place of business at 789 Partner St (hereinafter ""Receiving Party"").
        
        WHEREAS, the parties desire to enter into discussions regarding a potential business transaction, collaboration, or relationship (the ""Purpose""); and
        
        WHEREAS, in connection with the Purpose, the Disclosing Party may disclose certain proprietary, confidential, or trade secret information to the Receiving Party;
        
        NOW, THEREFORE, in consideration of the mutual covenants contained herein and other good and valuable consideration, the parties agree as follows:
        
        1. Confidentiality obligations: This Agreement shall be governed by and construed in accordance with the laws of the jurisdiction specified, excluding its conflict of law principles.
        2. Governing law: Either party may terminate this Agreement upon thirty (30) days written notice to the other party in the event of a material breach of terms.
        3. Term: This Agreement shall commence on the Effective Date and remain in effect for a period of two (2) years, unless terminated earlier by mutual written agreement.
        4. Remedies: The Receiving Party acknowledges that a breach of this Agreement may cause irreparable harm for which monetary damages would be inadequate, and agrees that the Disclosing Party shall be entitled to seek injunctive relief.
        
        IN WITNESS WHEREOF, the parties hereto have executed this Agreement by their authorized representatives as of the Effective Date written above.
        
        For Disclosing Party (Apex Systems):
        By: ___________________________
        Name: John Smith, CEO
        
        For Receiving Party (TechCorp Industries):
        By: ___________________________
        Name: Jane Doe, Managing Director",Legal Document
"COMMERCIAL LEASE AGREEMENT
        
        THIS AGREEMENT is entered into this 15th day of June, 2026 (the ""Effective Date""), by and between:
        - Wayne Tech, a corporation organized and existing under the laws of the State of California, with its principal place of business at 123 Corporate Blvd (hereinafter ""Disclosing Party""), and
        - Apex Systems, a limited liability company organized and existing under the laws of the State of California, with its principal place of business at 789 Partner St (hereinafter ""Receiving Party"").
        
        WHEREAS, the parties desire to enter into discussions regarding a potential business transaction, collaboration, or relationship (the ""Purpose""); and
        
        WHEREAS, in connection with the Purpose, the Disclosing Party may disclose certain proprietary, confidential, or trade secret information to the Receiving Party;
        
        NOW, THEREFORE, in consideration of the mutual covenants contained herein and other good and valuable consideration, the parties agree as follows:
        
        1. Confidentiality obligations: Either party may terminate this Agreement upon thirty (30) days written notice to the other party in the event of a material breach of terms.
        2. Governing law: The Recipient shall keep the Confidential Information strictly confidential and shall not disclose it to any third party without prior written consent.
        3. Term: This Agreement shall commence on the Effective Date and remain in effect for a period of two (2) years, unless terminated earlier by mutual written agreement.
        4. Remedies: The Receiving Party acknowledges that a breach of this Agreement may cause irreparable harm for which monetary damages would be inadequate, and agrees that the Disclosing Party shall be entitled to seek injunctive relief.
        
        IN WITNESS WHEREOF, the parties hereto have executed this Agreement by their authorized representatives as of the Effective Date written above.
        
        For Disclosing Party (Wayne Tech):
        By: ___________________________
        Name: John Smith, CEO
        
        For Receiving Party (Apex Systems):
        By: ___________________________
        Name: Jane Doe, Managing Director",Legal Document
"THE DAILY GAZETTE
        Edition: National News | Date: June 15, 2026
        
        LOCAL FOOTBALL CLUB CLINCHES CHAMPIONSHIP IN DRAMATIC SHOOTOUT
        
        BYLINE: Associated Press
        DATELINE: San Francisco — June 15, 2026
        
        Officials confirmed yesterday that new administrative measures have been approved to address ongoing infrastructure challenges. The decision followed a heated debate in the assembly, culminating in a bipartisan consensus that seeks to stimulate local economic growth and foster sustainability.
        
        Local representatives expressed optimism about the outcomes. ""This is a historic milestone for our community,"" said a government spokesperson, noting that the long-term impact on employment and transport efficiency would be felt almost immediately.
        
        Critics, however, raise concerns about the short-term financial burdens and potential delays in project execution. Industry analysts suggest that close oversight is required to prevent cost overruns, which have plagued similar initiatives in neighboring districts.
        
        In a public press conference, the lead director stated: ""Our team has worked tirelessly for three years to bring this revolutionary technology to the commercial market.""
        
        Further updates are expected as planning committees hold public hearings next month to finalize timelines. Local businesses are encouraged to submit applications for public contracts starting next week.
        
        © 2026 The Daily Gazette Media Group. All rights reserved.",News Article
"THE DAILY GAZETTE
        Edition: National News | Date: June 15, 2026
        
        LOCAL FOOTBALL CLUB CLINCHES CHAMPIONSHIP IN DRAMATIC SHOOTOUT
        
        BYLINE: Associated Press
        DATELINE: Sydney — June 15, 2026
        
        Officials confirmed yesterday that new administrative measures have been approved to address ongoing infrastructure challenges. The decision followed a heated debate in the assembly, culminating in a bipartisan consensus that seeks to stimulate local economic growth and foster sustainability.
        
        Local representatives expressed optimism about the outcomes. ""This is a historic milestone for our community,"" said a government spokesperson, noting that the long-term impact on employment and transport efficiency would be felt almost immediately.
        
        Critics, however, raise concerns about the short-term financial burdens and potential delays in project execution. Industry analysts suggest that close oversight is required to prevent cost overruns, which have plagued similar initiatives in neighboring districts.
        
        In a public press conference, the lead director stated: ""We believe this policy is the first step toward a more sustainable and economically vibrant future.""
        
        Further updates are expected as planning committees hold public hearings next month to finalize timelines. Local businesses are encouraged to submit applications for public contracts starting next week.
        
        © 2026 The Daily Gazette Media Group. All rights reserved.",News Article
"THE DAILY GAZETTE
        Edition: National News | Date: June 15, 2026
        
        CENTRAL BANK RAISES BENCHMARK INTEREST RATE TO CURB INFLATION
        
        BYLINE: Associated Press
        DATELINE: Singapore — June 15, 2026
        
        Officials confirmed yesterday that new administrative measures have been approved to address ongoing infrastructure challenges. The decision followed a heated debate in the assembly, culminating in a bipartisan consensus that seeks to stimulate local economic growth and foster sustainability.
        
        Local representatives expressed optimism about the outcomes. ""This is a historic milestone for our community,"" said a government spokesperson, noting that the long-term impact on employment and transport efficiency would be felt almost immediately.
        
        Critics, however, raise concerns about the short-term financial burdens and potential delays in project execution. Industry analysts suggest that close oversight is required to prevent cost overruns, which have plagued similar initiatives in neighboring districts.
        
        In a public press conference, the lead director stated: ""Our team has worked tirelessly for three years to bring this revolutionary technology to the commercial market.""
        
        Further updates are expected as planning committees hold public hearings next month to finalize timelines. Local businesses are encouraged to submit applications for public contracts starting next week.
        
        © 2026 The Daily Gazette Media Group. All rights reserved.",News Article
"THE DAILY GAZETTE
        Edition: National News | Date: June 15, 2026
        
        GLOBAL SUMMIT ADDRESSES CYBERSECURITY THREATS IN CRITICAL INFRASTRUCTURE
        
        BYLINE: Associated Press
        DATELINE: Singapore — June 15, 2026
        
        Officials confirmed yesterday that new administrative measures have been approved to address ongoing infrastructure challenges. The decision followed a heated debate in the assembly, culminating in a bipartisan consensus that seeks to stimulate local economic growth and foster sustainability.
        
        Local representatives expressed optimism about the outcomes. ""This is a historic milestone for our community,"" said a government spokesperson, noting that the long-term impact on employment and transport efficiency would be felt almost immediately.
        
        Critics, however, raise concerns about the short-term financial burdens and potential delays in project execution. Industry analysts suggest that close oversight is required to prevent cost overruns, which have plagued similar initiatives in neighboring districts.
        
        In a public press conference, the lead director stated: ""The dedication shown by these players represents the highest standard of sportsmanship and team effort.""
        
        Further updates are expected as planning committees hold public hearings next month to finalize timelines. Local businesses are encouraged to submit applications for public contracts starting next week.
        
        © 2026 The Daily Gazette Media Group. All rights reserved.",News Article
"THE DAILY GAZETTE
        Edition: National News | Date: June 15, 2026
        
        LEADING RESEARCH INSTITUTE ANNOUNCES BREAKTHROUGH IN QUANTUM COMPUTING
        
        BYLINE: Associated Press
        DATELINE: New York — June 15, 2026
        
        Officials confirmed yesterday that new administrative measures have been approved to address ongoing infrastructure challenges. The decision followed a heated debate in the assembly, culminating in a bipartisan consensus that seeks to stimulate local economic growth and foster sustainability.
        
        Local representatives expressed optimism about the outcomes. ""This is a historic milestone for our community,"" said a government spokesperson, noting that the long-term impact on employment and transport efficiency would be felt almost immediately.
        
        Critics, however, raise concerns about the short-term financial burdens and potential delays in project execution. Industry analysts suggest that close oversight is required to prevent cost overruns, which have plagued similar initiatives in neighboring districts.
        
        In a public press conference, the lead director stated: ""We believe this policy is the first step toward a more sustainable and economically vibrant future.""
        
        Further updates are expected as planning committees hold public hearings next month to finalize timelines. Local businesses are encouraged to submit applications for public contracts starting next week.
        
        © 2026 The Daily Gazette Media Group. All rights reserved.",News Article
"THE DAILY GAZETTE
        Edition: National News | Date: June 15, 2026
        
        LEADING RESEARCH INSTITUTE ANNOUNCES BREAKTHROUGH IN QUANTUM COMPUTING
        
        BYLINE: Associated Press
        DATELINE: Berlin — June 15, 2026
        
        Officials confirmed yesterday that new administrative measures have been approved to address ongoing infrastructure challenges. The decision followed a heated debate in the assembly, culminating in a bipartisan consensus that seeks to stimulate local economic growth and foster sustainability.
        
        Local representatives expressed optimism about the outcomes. ""This is a historic milestone for our community,"" said a government spokesperson, noting that the long-term impact on employment and transport efficiency would be felt almost immediately.
        
        Critics, however, raise concerns about the short-term financial burdens and potential delays in project execution. Industry analysts suggest that close oversight is required to prevent cost overruns, which have plagued similar initiatives in neighboring districts.
        
        In a public press conference, the lead director stated: ""We believe this policy is the first step toward a more sustainable and economically vibrant future.""
        
        Further updates are expected as planning committees hold public hearings next month to finalize timelines. Local businesses are encouraged to submit applications for public contracts starting next week.
        
        © 2026 The Daily Gazette Media Group. All rights reserved.",News Article
"THE DAILY GAZETTE
        Edition: National News | Date: June 15, 2026
        
        LOCAL FOOTBALL CLUB CLINCHES CHAMPIONSHIP IN DRAMATIC SHOOTOUT
        
        BYLINE: Associated Press
        DATELINE: Singapore — June 15, 2026
        
        Officials confirmed yesterday that new administrative measures have been approved to address ongoing infrastructure challenges. The decision followed a heated debate in the assembly, culminating in a bipartisan consensus that seeks to stimulate local economic growth and foster sustainability.
        
        Local representatives expressed optimism about the outcomes. ""This is a historic milestone for our community,"" said a government spokesperson, noting that the long-term impact on employment and transport efficiency would be felt almost immediately.
        
        Critics, however, raise concerns about the short-term financial burdens and potential delays in project execution. Industry analysts suggest that close oversight is required to prevent cost overruns, which have plagued similar initiatives in neighboring districts.
        
        In a public press conference, the lead director stated: ""No single nation can defend against these distributed threats alone; collaboration is absolutely crucial.""
        
        Further updates are expected as planning committees hold public hearings next month to finalize timelines. Local businesses are encouraged to submit applications for public contracts starting next week.
        
        © 2026 The Daily Gazette Media Group. All rights reserved.",News Article
"THE DAILY GAZETTE
        Edition: National News | Date: June 15, 2026
        
        TECH STARTUP UNVEILS NEXT-GENERATION SOLID-STATE BATTERY
        
        BYLINE: Associated Press
        DATELINE: New York — June 15, 2026
        
        Officials confirmed yesterday that new administrative measures have been approved to address ongoing infrastructure challenges. The decision followed a heated debate in the assembly, culminating in a bipartisan consensus that seeks to stimulate local economic growth and foster sustainability.
        
        Local representatives expressed optimism about the outcomes. ""This is a historic milestone for our community,"" said a government spokesperson, noting that the long-term impact on employment and transport efficiency would be felt almost immediately.
        
        Critics, however, raise concerns about the short-term financial burdens and potential delays in project execution. Industry analysts suggest that close oversight is required to prevent cost overruns, which have plagued similar initiatives in neighboring districts.
        
        In a public press conference, the lead director stated: ""Our team has worked tirelessly for three years to bring this revolutionary technology to the commercial market.""
        
        Further updates are expected as planning committees hold public hearings next month to finalize timelines. Local businesses are encouraged to submit applications for public contracts starting next week.
        
        © 2026 The Daily Gazette Media Group. All rights reserved.",News Article
"THE DAILY GAZETTE
        Edition: National News | Date: June 15, 2026
        
        TECH STARTUP UNVEILS NEXT-GENERATION SOLID-STATE BATTERY
        
        BYLINE: Associated Press
        DATELINE: London — June 15, 2026
        
        Officials confirmed yesterday that new administrative measures have been approved to address ongoing infrastructure challenges. The decision followed a heated debate in the assembly, culminating in a bipartisan consensus that seeks to stimulate local economic growth and foster sustainability.
        
        Local representatives expressed optimism about the outcomes. ""This is a historic milestone for our community,"" said a government spokesperson, noting that the long-term impact on employment and transport efficiency would be felt almost immediately.
        
        Critics, however, raise concerns about the short-term financial burdens and potential delays in project execution. Industry analysts suggest that close oversight is required to prevent cost overruns, which have plagued similar initiatives in neighboring districts.
        
        In a public press conference, the lead director stated: ""No single nation can defend against these distributed threats alone; collaboration is absolutely crucial.""
        
        Further updates are expected as planning committees hold public hearings next month to finalize timelines. Local businesses are encouraged to submit applications for public contracts starting next week.
        
        © 2026 The Daily Gazette Media Group. All rights reserved.",News Article
"THE DAILY GAZETTE
        Edition: National News | Date: June 15, 2026
        
        CITY COUNCIL APPROVES MULTIBILLION GREEN TRANSIT INITIATIVE
        
        BYLINE: Associated Press
        DATELINE: Tokyo — June 15, 2026
        
        Officials confirmed yesterday that new administrative measures have been approved to address ongoing infrastructure challenges. The decision followed a heated debate in the assembly, culminating in a bipartisan consensus that seeks to stimulate local economic growth and foster sustainability.
        
        Local representatives expressed optimism about the outcomes. ""This is a historic milestone for our community,"" said a government spokesperson, noting that the long-term impact on employment and transport efficiency would be felt almost immediately.
        
        Critics, however, raise concerns about the short-term financial burdens and potential delays in project execution. Industry analysts suggest that close oversight is required to prevent cost overruns, which have plagued similar initiatives in neighboring districts.
        
        In a public press conference, the lead director stated: ""Our team has worked tirelessly for three years to bring this revolutionary technology to the commercial market.""
        
        Further updates are expected as planning committees hold public hearings next month to finalize timelines. Local businesses are encouraged to submit applications for public contracts starting next week.
        
        © 2026 The Daily Gazette Media Group. All rights reserved.",News Article
"THE DAILY GAZETTE
        Edition: National News | Date: June 15, 2026
        
        LEADING RESEARCH INSTITUTE ANNOUNCES BREAKTHROUGH IN QUANTUM COMPUTING
        
        BYLINE: Associated Press
        DATELINE: New York — June 15, 2026
        
        Officials confirmed yesterday that new administrative measures have been approved to address ongoing infrastructure challenges. The decision followed a heated debate in the assembly, culminating in a bipartisan consensus that seeks to stimulate local economic growth and foster sustainability.
        
        Local representatives expressed optimism about the outcomes. ""This is a historic milestone for our community,"" said a government spokesperson, noting that the long-term impact on employment and transport efficiency would be felt almost immediately.
        
        Critics, however, raise concerns about the short-term financial burdens and potential delays in project execution. Industry analysts suggest that close oversight is required to prevent cost overruns, which have plagued similar initiatives in neighboring districts.
        
        In a public press conference, the lead director stated: ""Our team has worked tirelessly for three years to bring this revolutionary technology to the commercial market.""
        
        Further updates are expected as planning committees hold public hearings next month to finalize timelines. Local businesses are encouraged to submit applications for public contracts starting next week.
        
        © 2026 The Daily Gazette Media Group. All rights reserved.",News Article
"THE DAILY GAZETTE
        Edition: National News | Date: June 15, 2026
        
        LEADING RESEARCH INSTITUTE ANNOUNCES BREAKTHROUGH IN QUANTUM COMPUTING
        
        BYLINE: Associated Press
        DATELINE: Singapore — June 15, 2026
        
        Officials confirmed yesterday that new administrative measures have been approved to address ongoing infrastructure challenges. The decision followed a heated debate in the assembly, culminating in a bipartisan consensus that seeks to stimulate local economic growth and foster sustainability.
        
        Local representatives expressed optimism about the outcomes. ""This is a historic milestone for our community,"" said a government spokesperson, noting that the long-term impact on employment and transport efficiency would be felt almost immediately.
        
        Critics, however, raise concerns about the short-term financial burdens and potential delays in project execution. Industry analysts suggest that close oversight is required to prevent cost overruns, which have plagued similar initiatives in neighboring districts.
        
        In a public press conference, the lead director stated: ""Our team has worked tirelessly for three years to bring this revolutionary technology to the commercial market.""
        
        Further updates are expected as planning committees hold public hearings next month to finalize timelines. Local businesses are encouraged to submit applications for public contracts starting next week.
        
        © 2026 The Daily Gazette Media Group. All rights reserved.",News Article
"THE DAILY GAZETTE
        Edition: National News | Date: June 15, 2026
        
        TECH STARTUP UNVEILS NEXT-GENERATION SOLID-STATE BATTERY
        
        BYLINE: Associated Press
        DATELINE: Singapore — June 15, 2026
        
        Officials confirmed yesterday that new administrative measures have been approved to address ongoing infrastructure challenges. The decision followed a heated debate in the assembly, culminating in a bipartisan consensus that seeks to stimulate local economic growth and foster sustainability.
        
        Local representatives expressed optimism about the outcomes. ""This is a historic milestone for our community,"" said a government spokesperson, noting that the long-term impact on employment and transport efficiency would be felt almost immediately.
        
        Critics, however, raise concerns about the short-term financial burdens and potential delays in project execution. Industry analysts suggest that close oversight is required to prevent cost overruns, which have plagued similar initiatives in neighboring districts.
        
        In a public press conference, the lead director stated: ""Our team has worked tirelessly for three years to bring this revolutionary technology to the commercial market.""
        
        Further updates are expected as planning committees hold public hearings next month to finalize timelines. Local businesses are encouraged to submit applications for public contracts starting next week.
        
        © 2026 The Daily Gazette Media Group. All rights reserved.",News Article
"THE DAILY GAZETTE
        Edition: National News | Date: June 15, 2026
        
        CITY COUNCIL APPROVES MULTIBILLION GREEN TRANSIT INITIATIVE
        
        BYLINE: Associated Press
        DATELINE: London — June 15, 2026
        
        Officials confirmed yesterday that new administrative measures have been approved to address ongoing infrastructure challenges. The decision followed a heated debate in the assembly, culminating in a bipartisan consensus that seeks to stimulate local economic growth and foster sustainability.
        
        Local representatives expressed optimism about the outcomes. ""This is a historic milestone for our community,"" said a government spokesperson, noting that the long-term impact on employment and transport efficiency would be felt almost immediately.
        
        Critics, however, raise concerns about the short-term financial burdens and potential delays in project execution. Industry analysts suggest that close oversight is required to prevent cost overruns, which have plagued similar initiatives in neighboring districts.
        
        In a public press conference, the lead director stated: ""We must act decisively to maintain price stability while supporting sustainable economic growth.""
        
        Further updates are expected as planning committees hold public hearings next month to finalize timelines. Local businesses are encouraged to submit applications for public contracts starting next week.
        
        © 2026 The Daily Gazette Media Group. All rights reserved.",News Article
"THE DAILY GAZETTE
        Edition: National News | Date: June 15, 2026
        
        TECH STARTUP UNVEILS NEXT-GENERATION SOLID-STATE BATTERY
        
        BYLINE: Associated Press
        DATELINE: Sydney — June 15, 2026
        
        Officials confirmed yesterday that new administrative measures have been approved to address ongoing infrastructure challenges. The decision followed a heated debate in the assembly, culminating in a bipartisan consensus that seeks to stimulate local economic growth and foster sustainability.
        
        Local representatives expressed optimism about the outcomes. ""This is a historic milestone for our community,"" said a government spokesperson, noting that the long-term impact on employment and transport efficiency would be felt almost immediately.
        
        Critics, however, raise concerns about the short-term financial burdens and potential delays in project execution. Industry analysts suggest that close oversight is required to prevent cost overruns, which have plagued similar initiatives in neighboring districts.
        
        In a public press conference, the lead director stated: ""No single nation can defend against these distributed threats alone; collaboration is absolutely crucial.""
        
        Further updates are expected as planning committees hold public hearings next month to finalize timelines. Local businesses are encouraged to submit applications for public contracts starting next week.
        
        © 2026 The Daily Gazette Media Group. All rights reserved.",News Article
"Analyzing the Impact of Hyperparameter Tuning on SVM and Logistic Regression Classifiers
        
        Author Names: Dr. Arthur Pendelton, Prof. Beverly Crusher
        Department of Computer Science and Intelligent Systems
        Harvard University & University of Toronto
        
        ABSTRACT
        In this paper, we explore the performance of classical machine learning models for the task of document classification. Using TF-IDF (Term Frequency-Inverse Document Frequency) vectorization, we extract key lexical features from structured and unstructured documents. We evaluate three popular classification algorithms: Multinomial Naive Bayes, Logistic Regression, and Support Vector Machines (SVM). Experimental results show that while SVM achieves the highest overall accuracy (97.4%), Multinomial Naive Bayes offers superior training speed and handles sparse high-dimensional data exceptionally well.
        
        1. INTRODUCTION
        Document classification is a fundamental problem in Natural Language Processing (NLP) with applications in legal document analysis, medical record sorting, invoice routing, and automated news categorization. The volume of digital text requires automated techniques to filter and route records.
        
        2. METHODOLOGY AND DATA PREPROCESSING
        We compile a corpus of document classes: Resumes, Invoices, Medical Reports, Legal Documents, News Articles, and Research Papers.
        The text preprocessing pipeline involves:
        - Case normalization (converting all characters to lowercase).
        - Stripping special characters and digits.
        - Vectorization via TF-IDF:
          TF-IDF(t, d, D) = TF(t, d) * IDF(t, D)
        
        3. EXPERIMENTAL SETUP AND RESULTS
        Our model was evaluated using a stratified 80/20 train-test split. Table 1 outlines the performance metrics across all models.
        - Support Vector Machine: Accuracy 97.4%, Precision 97.1%, Recall 97.4%
        - Logistic Regression: Accuracy 96.2%, Precision 96.3%, Recall 96.2%
        - Multinomial Naive Bayes: Accuracy 94.8%, Precision 95.0%, Recall 94.8%
        
        4. CONCLUSION & FUTURE WORK
        We demonstrated that classical machine learning algorithms paired with TF-IDF features remain highly competitive baselines for domain-specific text classification. Future investigations will evaluate dense embeddings.
        
        REFERENCES
        [1] Smith, J. and Jones, A. ""Text Classification in the Digital Era."" Journal of NLP Research, 2024.
        [2] Bengio, Y. ""Representations for Natural Language."" IEEE Transactions, 2021.
        [3] Cover, T. and Thomas, J. ""Elements of Information Retrieval."" 2018.",Research Paper
"A Hybrid Approach to Natural Language Processing using TF-IDF and Neural Networks
        
        Author Names: Dr. Arthur Pendelton, Prof. Beverly Crusher
        Department of Computer Science and Intelligent Systems
        University of Toronto & UC Berkeley
        
        ABSTRACT
        In this paper, we explore the performance of classical machine learning models for the task of document classification. Using TF-IDF (Term Frequency-Inverse Document Frequency) vectorization, we extract key lexical features from structured and unstructured documents. We evaluate three popular classification algorithms: Multinomial Naive Bayes, Logistic Regression, and Support Vector Machines (SVM). Experimental results show that while SVM achieves the highest overall accuracy (97.4%), Multinomial Naive Bayes offers superior training speed and handles sparse high-dimensional data exceptionally well.
        
        1. INTRODUCTION
        Document classification is a fundamental problem in Natural Language Processing (NLP) with applications in legal document analysis, medical record sorting, invoice routing, and automated news categorization. The volume of digital text requires automated techniques to filter and route records.
        
        2. METHODOLOGY AND DATA PREPROCESSING
        We compile a corpus of document classes: Resumes, Invoices, Medical Reports, Legal Documents, News Articles, and Research Papers.
        The text preprocessing pipeline involves:
        - Case normalization (converting all characters to lowercase).
        - Stripping special characters and digits.
        - Vectorization via TF-IDF:
          TF-IDF(t, d, D) = TF(t, d) * IDF(t, D)
        
        3. EXPERIMENTAL SETUP AND RESULTS
        Our model was evaluated using a stratified 80/20 train-test split. Table 1 outlines the performance metrics across all models.
        - Support Vector Machine: Accuracy 97.4%, Precision 97.1%, Recall 97.4%
        - Logistic Regression: Accuracy 96.2%, Precision 96.3%, Recall 96.2%
        - Multinomial Naive Bayes: Accuracy 94.8%, Precision 95.0%, Recall 94.8%
        
        4. CONCLUSION & FUTURE WORK
        We demonstrated that classical machine learning algorithms paired with TF-IDF features remain highly competitive baselines for domain-specific text classification. Future investigations will evaluate dense embeddings.
        
        REFERENCES
        [1] Smith, J. and Jones, A. ""Text Classification in the Digital Era."" Journal of NLP Research, 2024.
        [2] Bengio, Y. ""Representations for Natural Language."" IEEE Transactions, 2021.
        [3] Cover, T. and Thomas, J. ""Elements of Information Retrieval."" 2018.",Research Paper
"Evaluating Classical Machine Learning Algorithms for Document Genre Sorting
        
        Author Names: Dr. Arthur Pendelton, Prof. Beverly Crusher
        Department of Computer Science and Intelligent Systems
        Oxford University & Harvard University
        
        ABSTRACT
        In this paper, we explore the performance of classical machine learning models for the task of document classification. Using TF-IDF (Term Frequency-Inverse Document Frequency) vectorization, we extract key lexical features from structured and unstructured documents. We evaluate three popular classification algorithms: Multinomial Naive Bayes, Logistic Regression, and Support Vector Machines (SVM). Experimental results show that while SVM achieves the highest overall accuracy (97.4%), Multinomial Naive Bayes offers superior training speed and handles sparse high-dimensional data exceptionally well.
        
        1. INTRODUCTION
        Document classification is a fundamental problem in Natural Language Processing (NLP) with applications in legal document analysis, medical record sorting, invoice routing, and automated news categorization. The volume of digital text requires automated techniques to filter and route records.
        
        2. METHODOLOGY AND DATA PREPROCESSING
        We compile a corpus of document classes: Resumes, Invoices, Medical Reports, Legal Documents, News Articles, and Research Papers.
        The text preprocessing pipeline involves:
        - Case normalization (converting all characters to lowercase).
        - Stripping special characters and digits.
        - Vectorization via TF-IDF:
          TF-IDF(t, d, D) = TF(t, d) * IDF(t, D)
        
        3. EXPERIMENTAL SETUP AND RESULTS
        Our model was evaluated using a stratified 80/20 train-test split. Table 1 outlines the performance metrics across all models.
        - Support Vector Machine: Accuracy 97.4%, Precision 97.1%, Recall 97.4%
        - Logistic Regression: Accuracy 96.2%, Precision 96.3%, Recall 96.2%
        - Multinomial Naive Bayes: Accuracy 94.8%, Precision 95.0%, Recall 94.8%
        
        4. CONCLUSION & FUTURE WORK
        We demonstrated that classical machine learning algorithms paired with TF-IDF features remain highly competitive baselines for domain-specific text classification. Future investigations will evaluate dense embeddings.
        
        REFERENCES
        [1] Smith, J. and Jones, A. ""Text Classification in the Digital Era."" Journal of NLP Research, 2024.
        [2] Bengio, Y. ""Representations for Natural Language."" IEEE Transactions, 2021.
        [3] Cover, T. and Thomas, J. ""Elements of Information Retrieval."" 2018.",Research Paper
"A Hybrid Approach to Natural Language Processing using TF-IDF and Neural Networks
        
        Author Names: Dr. Arthur Pendelton, Prof. Beverly Crusher
        Department of Computer Science and Intelligent Systems
        University of Toronto & MIT
        
        ABSTRACT
        In this paper, we explore the performance of classical machine learning models for the task of document classification. Using TF-IDF (Term Frequency-Inverse Document Frequency) vectorization, we extract key lexical features from structured and unstructured documents. We evaluate three popular classification algorithms: Multinomial Naive Bayes, Logistic Regression, and Support Vector Machines (SVM). Experimental results show that while SVM achieves the highest overall accuracy (97.4%), Multinomial Naive Bayes offers superior training speed and handles sparse high-dimensional data exceptionally well.
        
        1. INTRODUCTION
        Document classification is a fundamental problem in Natural Language Processing (NLP) with applications in legal document analysis, medical record sorting, invoice routing, and automated news categorization. The volume of digital text requires automated techniques to filter and route records.
        
        2. METHODOLOGY AND DATA PREPROCESSING
        We compile a corpus of document classes: Resumes, Invoices, Medical Reports, Legal Documents, News Articles, and Research Papers.
        The text preprocessing pipeline involves:
        - Case normalization (converting all characters to lowercase).
        - Stripping special characters and digits.
        - Vectorization via TF-IDF:
          TF-IDF(t, d, D) = TF(t, d) * IDF(t, D)
        
        3. EXPERIMENTAL SETUP AND RESULTS
        Our model was evaluated using a stratified 80/20 train-test split. Table 1 outlines the performance metrics across all models.
        - Support Vector Machine: Accuracy 97.4%, Precision 97.1%, Recall 97.4%
        - Logistic Regression: Accuracy 96.2%, Precision 96.3%, Recall 96.2%
        - Multinomial Naive Bayes: Accuracy 94.8%, Precision 95.0%, Recall 94.8%
        
        4. CONCLUSION & FUTURE WORK
        We demonstrated that classical machine learning algorithms paired with TF-IDF features remain highly competitive baselines for domain-specific text classification. Future investigations will evaluate dense embeddings.
        
        REFERENCES
        [1] Smith, J. and Jones, A. ""Text Classification in the Digital Era."" Journal of NLP Research, 2024.
        [2] Bengio, Y. ""Representations for Natural Language."" IEEE Transactions, 2021.
        [3] Cover, T. and Thomas, J. ""Elements of Information Retrieval."" 2018.",Research Paper
"Analyzing the Impact of Hyperparameter Tuning on SVM and Logistic Regression Classifiers
        
        Author Names: Dr. Arthur Pendelton, Prof. Beverly Crusher
        Department of Computer Science and Intelligent Systems
        University of Toronto & Carnegie Mellon
        
        ABSTRACT
        In this paper, we explore the performance of classical machine learning models for the task of document classification. Using TF-IDF (Term Frequency-Inverse Document Frequency) vectorization, we extract key lexical features from structured and unstructured documents. We evaluate three popular classification algorithms: Multinomial Naive Bayes, Logistic Regression, and Support Vector Machines (SVM). Experimental results show that while SVM achieves the highest overall accuracy (97.4%), Multinomial Naive Bayes offers superior training speed and handles sparse high-dimensional data exceptionally well.
        
        1. INTRODUCTION
        Document classification is a fundamental problem in Natural Language Processing (NLP) with applications in legal document analysis, medical record sorting, invoice routing, and automated news categorization. The volume of digital text requires automated techniques to filter and route records.
        
        2. METHODOLOGY AND DATA PREPROCESSING
        We compile a corpus of document classes: Resumes, Invoices, Medical Reports, Legal Documents, News Articles, and Research Papers.
        The text preprocessing pipeline involves:
        - Case normalization (converting all characters to lowercase).
        - Stripping special characters and digits.
        - Vectorization via TF-IDF:
          TF-IDF(t, d, D) = TF(t, d) * IDF(t, D)
        
        3. EXPERIMENTAL SETUP AND RESULTS
        Our model was evaluated using a stratified 80/20 train-test split. Table 1 outlines the performance metrics across all models.
        - Support Vector Machine: Accuracy 97.4%, Precision 97.1%, Recall 97.4%
        - Logistic Regression: Accuracy 96.2%, Precision 96.3%, Recall 96.2%
        - Multinomial Naive Bayes: Accuracy 94.8%, Precision 95.0%, Recall 94.8%
        
        4. CONCLUSION & FUTURE WORK
        We demonstrated that classical machine learning algorithms paired with TF-IDF features remain highly competitive baselines for domain-specific text classification. Future investigations will evaluate dense embeddings.
        
        REFERENCES
        [1] Smith, J. and Jones, A. ""Text Classification in the Digital Era."" Journal of NLP Research, 2024.
        [2] Bengio, Y. ""Representations for Natural Language."" IEEE Transactions, 2021.
        [3] Cover, T. and Thomas, J. ""Elements of Information Retrieval."" 2018.",Research Paper
"Evaluating Classical Machine Learning Algorithms for Document Genre Sorting
        
        Author Names: Dr. Arthur Pendelton, Prof. Beverly Crusher
        Department of Computer Science and Intelligent Systems
        Carnegie Mellon & Stanford University
        
        ABSTRACT
        In this paper, we explore the performance of classical machine learning models for the task of document classification. Using TF-IDF (Term Frequency-Inverse Document Frequency) vectorization, we extract key lexical features from structured and unstructured documents. We evaluate three popular classification algorithms: Multinomial Naive Bayes, Logistic Regression, and Support Vector Machines (SVM). Experimental results show that while SVM achieves the highest overall accuracy (97.4%), Multinomial Naive Bayes offers superior training speed and handles sparse high-dimensional data exceptionally well.
        
        1. INTRODUCTION
        Document classification is a fundamental problem in Natural Language Processing (NLP) with applications in legal document analysis, medical record sorting, invoice routing, and automated news categorization. The volume of digital text requires automated techniques to filter and route records.
        
        2. METHODOLOGY AND DATA PREPROCESSING
        We compile a corpus of document classes: Resumes, Invoices, Medical Reports, Legal Documents, News Articles, and Research Papers.
        The text preprocessing pipeline involves:
        - Case normalization (converting all characters to lowercase).
        - Stripping special characters and digits.
        - Vectorization via TF-IDF:
          TF-IDF(t, d, D) = TF(t, d) * IDF(t, D)
        
        3. EXPERIMENTAL SETUP AND RESULTS
        Our model was evaluated using a stratified 80/20 train-test split. Table 1 outlines the performance metrics across all models.
        - Support Vector Machine: Accuracy 97.4%, Precision 97.1%, Recall 97.4%
        - Logistic Regression: Accuracy 96.2%, Precision 96.3%, Recall 96.2%
        - Multinomial Naive Bayes: Accuracy 94.8%, Precision 95.0%, Recall 94.8%
        
        4. CONCLUSION & FUTURE WORK
        We demonstrated that classical machine learning algorithms paired with TF-IDF features remain highly competitive baselines for domain-specific text classification. Future investigations will evaluate dense embeddings.
        
        REFERENCES
        [1] Smith, J. and Jones, A. ""Text Classification in the Digital Era."" Journal of NLP Research, 2024.
        [2] Bengio, Y. ""Representations for Natural Language."" IEEE Transactions, 2021.
        [3] Cover, T. and Thomas, J. ""Elements of Information Retrieval."" 2018.",Research Paper
"An Empirical Evaluation of Document Classification Using Machine Learning
        
        Author Names: Dr. Arthur Pendelton, Prof. Beverly Crusher
        Department of Computer Science and Intelligent Systems
        University of Toronto & UC Berkeley
        
        ABSTRACT
        In this paper, we explore the performance of classical machine learning models for the task of document classification. Using TF-IDF (Term Frequency-Inverse Document Frequency) vectorization, we extract key lexical features from structured and unstructured documents. We evaluate three popular classification algorithms: Multinomial Naive Bayes, Logistic Regression, and Support Vector Machines (SVM). Experimental results show that while SVM achieves the highest overall accuracy (97.4%), Multinomial Naive Bayes offers superior training speed and handles sparse high-dimensional data exceptionally well.
        
        1. INTRODUCTION
        Document classification is a fundamental problem in Natural Language Processing (NLP) with applications in legal document analysis, medical record sorting, invoice routing, and automated news categorization. The volume of digital text requires automated techniques to filter and route records.
        
        2. METHODOLOGY AND DATA PREPROCESSING
        We compile a corpus of document classes: Resumes, Invoices, Medical Reports, Legal Documents, News Articles, and Research Papers.
        The text preprocessing pipeline involves:
        - Case normalization (converting all characters to lowercase).
        - Stripping special characters and digits.
        - Vectorization via TF-IDF:
          TF-IDF(t, d, D) = TF(t, d) * IDF(t, D)
        
        3. EXPERIMENTAL SETUP AND RESULTS
        Our model was evaluated using a stratified 80/20 train-test split. Table 1 outlines the performance metrics across all models.
        - Support Vector Machine: Accuracy 97.4%, Precision 97.1%, Recall 97.4%
        - Logistic Regression: Accuracy 96.2%, Precision 96.3%, Recall 96.2%
        - Multinomial Naive Bayes: Accuracy 94.8%, Precision 95.0%, Recall 94.8%
        
        4. CONCLUSION & FUTURE WORK
        We demonstrated that classical machine learning algorithms paired with TF-IDF features remain highly competitive baselines for domain-specific text classification. Future investigations will evaluate dense embeddings.
        
        REFERENCES
        [1] Smith, J. and Jones, A. ""Text Classification in the Digital Era."" Journal of NLP Research, 2024.
        [2] Bengio, Y. ""Representations for Natural Language."" IEEE Transactions, 2021.
        [3] Cover, T. and Thomas, J. ""Elements of Information Retrieval."" 2018.",Research Paper
"Analyzing the Impact of Hyperparameter Tuning on SVM and Logistic Regression Classifiers
        
        Author Names: Dr. Arthur Pendelton, Prof. Beverly Crusher
        Department of Computer Science and Intelligent Systems
        UC Berkeley & University of Toronto
        
        ABSTRACT
        In this paper, we explore the performance of classical machine learning models for the task of document classification. Using TF-IDF (Term Frequency-Inverse Document Frequency) vectorization, we extract key lexical features from structured and unstructured documents. We evaluate three popular classification algorithms: Multinomial Naive Bayes, Logistic Regression, and Support Vector Machines (SVM). Experimental results show that while SVM achieves the highest overall accuracy (97.4%), Multinomial Naive Bayes offers superior training speed and handles sparse high-dimensional data exceptionally well.
        
        1. INTRODUCTION
        Document classification is a fundamental problem in Natural Language Processing (NLP) with applications in legal document analysis, medical record sorting, invoice routing, and automated news categorization. The volume of digital text requires automated techniques to filter and route records.
        
        2. METHODOLOGY AND DATA PREPROCESSING
        We compile a corpus of document classes: Resumes, Invoices, Medical Reports, Legal Documents, News Articles, and Research Papers.
        The text preprocessing pipeline involves:
        - Case normalization (converting all characters to lowercase).
        - Stripping special characters and digits.
        - Vectorization via TF-IDF:
          TF-IDF(t, d, D) = TF(t, d) * IDF(t, D)
        
        3. EXPERIMENTAL SETUP AND RESULTS
        Our model was evaluated using a stratified 80/20 train-test split. Table 1 outlines the performance metrics across all models.
        - Support Vector Machine: Accuracy 97.4%, Precision 97.1%, Recall 97.4%
        - Logistic Regression: Accuracy 96.2%, Precision 96.3%, Recall 96.2%
        - Multinomial Naive Bayes: Accuracy 94.8%, Precision 95.0%, Recall 94.8%
        
        4. CONCLUSION & FUTURE WORK
        We demonstrated that classical machine learning algorithms paired with TF-IDF features remain highly competitive baselines for domain-specific text classification. Future investigations will evaluate dense embeddings.
        
        REFERENCES
        [1] Smith, J. and Jones, A. ""Text Classification in the Digital Era."" Journal of NLP Research, 2024.
        [2] Bengio, Y. ""Representations for Natural Language."" IEEE Transactions, 2021.
        [3] Cover, T. and Thomas, J. ""Elements of Information Retrieval."" 2018.",Research Paper
"Optimizing Transformer Architectures for Resource-Constrained Environments
        
        Author Names: Dr. Arthur Pendelton, Prof. Beverly Crusher
        Department of Computer Science and Intelligent Systems
        Oxford University & UC Berkeley
        
        ABSTRACT
        In this paper, we explore the performance of classical machine learning models for the task of document classification. Using TF-IDF (Term Frequency-Inverse Document Frequency) vectorization, we extract key lexical features from structured and unstructured documents. We evaluate three popular classification algorithms: Multinomial Naive Bayes, Logistic Regression, and Support Vector Machines (SVM). Experimental results show that while SVM achieves the highest overall accuracy (97.4%), Multinomial Naive Bayes offers superior training speed and handles sparse high-dimensional data exceptionally well.
        
        1. INTRODUCTION
        Document classification is a fundamental problem in Natural Language Processing (NLP) with applications in legal document analysis, medical record sorting, invoice routing, and automated news categorization. The volume of digital text requires automated techniques to filter and route records.
        
        2. METHODOLOGY AND DATA PREPROCESSING
        We compile a corpus of document classes: Resumes, Invoices, Medical Reports, Legal Documents, News Articles, and Research Papers.
        The text preprocessing pipeline involves:
        - Case normalization (converting all characters to lowercase).
        - Stripping special characters and digits.
        - Vectorization via TF-IDF:
          TF-IDF(t, d, D) = TF(t, d) * IDF(t, D)
        
        3. EXPERIMENTAL SETUP AND RESULTS
        Our model was evaluated using a stratified 80/20 train-test split. Table 1 outlines the performance metrics across all models.
        - Support Vector Machine: Accuracy 97.4%, Precision 97.1%, Recall 97.4%
        - Logistic Regression: Accuracy 96.2%, Precision 96.3%, Recall 96.2%
        - Multinomial Naive Bayes: Accuracy 94.8%, Precision 95.0%, Recall 94.8%
        
        4. CONCLUSION & FUTURE WORK
        We demonstrated that classical machine learning algorithms paired with TF-IDF features remain highly competitive baselines for domain-specific text classification. Future investigations will evaluate dense embeddings.
        
        REFERENCES
        [1] Smith, J. and Jones, A. ""Text Classification in the Digital Era."" Journal of NLP Research, 2024.
        [2] Bengio, Y. ""Representations for Natural Language."" IEEE Transactions, 2021.
        [3] Cover, T. and Thomas, J. ""Elements of Information Retrieval."" 2018.",Research Paper
"An Empirical Evaluation of Document Classification Using Machine Learning
        
        Author Names: Dr. Arthur Pendelton, Prof. Beverly Crusher
        Department of Computer Science and Intelligent Systems
        Carnegie Mellon & UC Berkeley
        
        ABSTRACT
        In this paper, we explore the performance of classical machine learning models for the task of document classification. Using TF-IDF (Term Frequency-Inverse Document Frequency) vectorization, we extract key lexical features from structured and unstructured documents. We evaluate three popular classification algorithms: Multinomial Naive Bayes, Logistic Regression, and Support Vector Machines (SVM). Experimental results show that while SVM achieves the highest overall accuracy (97.4%), Multinomial Naive Bayes offers superior training speed and handles sparse high-dimensional data exceptionally well.
        
        1. INTRODUCTION
        Document classification is a fundamental problem in Natural Language Processing (NLP) with applications in legal document analysis, medical record sorting, invoice routing, and automated news categorization. The volume of digital text requires automated techniques to filter and route records.
        
        2. METHODOLOGY AND DATA PREPROCESSING
        We compile a corpus of document classes: Resumes, Invoices, Medical Reports, Legal Documents, News Articles, and Research Papers.
        The text preprocessing pipeline involves:
        - Case normalization (converting all characters to lowercase).
        - Stripping special characters and digits.
        - Vectorization via TF-IDF:
          TF-IDF(t, d, D) = TF(t, d) * IDF(t, D)
        
        3. EXPERIMENTAL SETUP AND RESULTS
        Our model was evaluated using a stratified 80/20 train-test split. Table 1 outlines the performance metrics across all models.
        - Support Vector Machine: Accuracy 97.4%, Precision 97.1%, Recall 97.4%
        - Logistic Regression: Accuracy 96.2%, Precision 96.3%, Recall 96.2%
        - Multinomial Naive Bayes: Accuracy 94.8%, Precision 95.0%, Recall 94.8%
        
        4. CONCLUSION & FUTURE WORK
        We demonstrated that classical machine learning algorithms paired with TF-IDF features remain highly competitive baselines for domain-specific text classification. Future investigations will evaluate dense embeddings.
        
        REFERENCES
        [1] Smith, J. and Jones, A. ""Text Classification in the Digital Era."" Journal of NLP Research, 2024.
        [2] Bengio, Y. ""Representations for Natural Language."" IEEE Transactions, 2021.
        [3] Cover, T. and Thomas, J. ""Elements of Information Retrieval."" 2018.",Research Paper
"Optimizing Transformer Architectures for Resource-Constrained Environments
        
        Author Names: Dr. Arthur Pendelton, Prof. Beverly Crusher
        Department of Computer Science and Intelligent Systems
        University of Toronto & MIT
        
        ABSTRACT
        In this paper, we explore the performance of classical machine learning models for the task of document classification. Using TF-IDF (Term Frequency-Inverse Document Frequency) vectorization, we extract key lexical features from structured and unstructured documents. We evaluate three popular classification algorithms: Multinomial Naive Bayes, Logistic Regression, and Support Vector Machines (SVM). Experimental results show that while SVM achieves the highest overall accuracy (97.4%), Multinomial Naive Bayes offers superior training speed and handles sparse high-dimensional data exceptionally well.
        
        1. INTRODUCTION
        Document classification is a fundamental problem in Natural Language Processing (NLP) with applications in legal document analysis, medical record sorting, invoice routing, and automated news categorization. The volume of digital text requires automated techniques to filter and route records.
        
        2. METHODOLOGY AND DATA PREPROCESSING
        We compile a corpus of document classes: Resumes, Invoices, Medical Reports, Legal Documents, News Articles, and Research Papers.
        The text preprocessing pipeline involves:
        - Case normalization (converting all characters to lowercase).
        - Stripping special characters and digits.
        - Vectorization via TF-IDF:
          TF-IDF(t, d, D) = TF(t, d) * IDF(t, D)
        
        3. EXPERIMENTAL SETUP AND RESULTS
        Our model was evaluated using a stratified 80/20 train-test split. Table 1 outlines the performance metrics across all models.
        - Support Vector Machine: Accuracy 97.4%, Precision 97.1%, Recall 97.4%
        - Logistic Regression: Accuracy 96.2%, Precision 96.3%, Recall 96.2%
        - Multinomial Naive Bayes: Accuracy 94.8%, Precision 95.0%, Recall 94.8%
        
        4. CONCLUSION & FUTURE WORK
        We demonstrated that classical machine learning algorithms paired with TF-IDF features remain highly competitive baselines for domain-specific text classification. Future investigations will evaluate dense embeddings.
        
        REFERENCES
        [1] Smith, J. and Jones, A. ""Text Classification in the Digital Era."" Journal of NLP Research, 2024.
        [2] Bengio, Y. ""Representations for Natural Language."" IEEE Transactions, 2021.
        [3] Cover, T. and Thomas, J. ""Elements of Information Retrieval."" 2018.",Research Paper
"An Empirical Evaluation of Document Classification Using Machine Learning
        
        Author Names: Dr. Arthur Pendelton, Prof. Beverly Crusher
        Department of Computer Science and Intelligent Systems
        UC Berkeley & Carnegie Mellon
        
        ABSTRACT
        In this paper, we explore the performance of classical machine learning models for the task of document classification. Using TF-IDF (Term Frequency-Inverse Document Frequency) vectorization, we extract key lexical features from structured and unstructured documents. We evaluate three popular classification algorithms: Multinomial Naive Bayes, Logistic Regression, and Support Vector Machines (SVM). Experimental results show that while SVM achieves the highest overall accuracy (97.4%), Multinomial Naive Bayes offers superior training speed and handles sparse high-dimensional data exceptionally well.
        
        1. INTRODUCTION
        Document classification is a fundamental problem in Natural Language Processing (NLP) with applications in legal document analysis, medical record sorting, invoice routing, and automated news categorization. The volume of digital text requires automated techniques to filter and route records.
        
        2. METHODOLOGY AND DATA PREPROCESSING
        We compile a corpus of document classes: Resumes, Invoices, Medical Reports, Legal Documents, News Articles, and Research Papers.
        The text preprocessing pipeline involves:
        - Case normalization (converting all characters to lowercase).
        - Stripping special characters and digits.
        - Vectorization via TF-IDF:
          TF-IDF(t, d, D) = TF(t, d) * IDF(t, D)
        
        3. EXPERIMENTAL SETUP AND RESULTS
        Our model was evaluated using a stratified 80/20 train-test split. Table 1 outlines the performance metrics across all models.
        - Support Vector Machine: Accuracy 97.4%, Precision 97.1%, Recall 97.4%
        - Logistic Regression: Accuracy 96.2%, Precision 96.3%, Recall 96.2%
        - Multinomial Naive Bayes: Accuracy 94.8%, Precision 95.0%, Recall 94.8%
        
        4. CONCLUSION & FUTURE WORK
        We demonstrated that classical machine learning algorithms paired with TF-IDF features remain highly competitive baselines for domain-specific text classification. Future investigations will evaluate dense embeddings.
        
        REFERENCES
        [1] Smith, J. and Jones, A. ""Text Classification in the Digital Era."" Journal of NLP Research, 2024.
        [2] Bengio, Y. ""Representations for Natural Language."" IEEE Transactions, 2021.
        [3] Cover, T. and Thomas, J. ""Elements of Information Retrieval."" 2018.",Research Paper
"A Hybrid Approach to Natural Language Processing using TF-IDF and Neural Networks
        
        Author Names: Dr. Arthur Pendelton, Prof. Beverly Crusher
        Department of Computer Science and Intelligent Systems
        Oxford University & Harvard University
        
        ABSTRACT
        In this paper, we explore the performance of classical machine learning models for the task of document classification. Using TF-IDF (Term Frequency-Inverse Document Frequency) vectorization, we extract key lexical features from structured and unstructured documents. We evaluate three popular classification algorithms: Multinomial Naive Bayes, Logistic Regression, and Support Vector Machines (SVM). Experimental results show that while SVM achieves the highest overall accuracy (97.4%), Multinomial Naive Bayes offers superior training speed and handles sparse high-dimensional data exceptionally well.
        
        1. INTRODUCTION
        Document classification is a fundamental problem in Natural Language Processing (NLP) with applications in legal document analysis, medical record sorting, invoice routing, and automated news categorization. The volume of digital text requires automated techniques to filter and route records.
        
        2. METHODOLOGY AND DATA PREPROCESSING
        We compile a corpus of document classes: Resumes, Invoices, Medical Reports, Legal Documents, News Articles, and Research Papers.
        The text preprocessing pipeline involves:
        - Case normalization (converting all characters to lowercase).
        - Stripping special characters and digits.
        - Vectorization via TF-IDF:
          TF-IDF(t, d, D) = TF(t, d) * IDF(t, D)
        
        3. EXPERIMENTAL SETUP AND RESULTS
        Our model was evaluated using a stratified 80/20 train-test split. Table 1 outlines the performance metrics across all models.
        - Support Vector Machine: Accuracy 97.4%, Precision 97.1%, Recall 97.4%
        - Logistic Regression: Accuracy 96.2%, Precision 96.3%, Recall 96.2%
        - Multinomial Naive Bayes: Accuracy 94.8%, Precision 95.0%, Recall 94.8%
        
        4. CONCLUSION & FUTURE WORK
        We demonstrated that classical machine learning algorithms paired with TF-IDF features remain highly competitive baselines for domain-specific text classification. Future investigations will evaluate dense embeddings.
        
        REFERENCES
        [1] Smith, J. and Jones, A. ""Text Classification in the Digital Era."" Journal of NLP Research, 2024.
        [2] Bengio, Y. ""Representations for Natural Language."" IEEE Transactions, 2021.
        [3] Cover, T. and Thomas, J. ""Elements of Information Retrieval."" 2018.",Research Paper
"A Hybrid Approach to Natural Language Processing using TF-IDF and Neural Networks
        
        Author Names: Dr. Arthur Pendelton, Prof. Beverly Crusher
        Department of Computer Science and Intelligent Systems
        Oxford University & Stanford University
        
        ABSTRACT
        In this paper, we explore the performance of classical machine learning models for the task of document classification. Using TF-IDF (Term Frequency-Inverse Document Frequency) vectorization, we extract key lexical features from structured and unstructured documents. We evaluate three popular classification algorithms: Multinomial Naive Bayes, Logistic Regression, and Support Vector Machines (SVM). Experimental results show that while SVM achieves the highest overall accuracy (97.4%), Multinomial Naive Bayes offers superior training speed and handles sparse high-dimensional data exceptionally well.
        
        1. INTRODUCTION
        Document classification is a fundamental problem in Natural Language Processing (NLP) with applications in legal document analysis, medical record sorting, invoice routing, and automated news categorization. The volume of digital text requires automated techniques to filter and route records.
        
        2. METHODOLOGY AND DATA PREPROCESSING
        We compile a corpus of document classes: Resumes, Invoices, Medical Reports, Legal Documents, News Articles, and Research Papers.
        The text preprocessing pipeline involves:
        - Case normalization (converting all characters to lowercase).
        - Stripping special characters and digits.
        - Vectorization via TF-IDF:
          TF-IDF(t, d, D) = TF(t, d) * IDF(t, D)
        
        3. EXPERIMENTAL SETUP AND RESULTS
        Our model was evaluated using a stratified 80/20 train-test split. Table 1 outlines the performance metrics across all models.
        - Support Vector Machine: Accuracy 97.4%, Precision 97.1%, Recall 97.4%
        - Logistic Regression: Accuracy 96.2%, Precision 96.3%, Recall 96.2%
        - Multinomial Naive Bayes: Accuracy 94.8%, Precision 95.0%, Recall 94.8%
        
        4. CONCLUSION & FUTURE WORK
        We demonstrated that classical machine learning algorithms paired with TF-IDF features remain highly competitive baselines for domain-specific text classification. Future investigations will evaluate dense embeddings.
        
        REFERENCES
        [1] Smith, J. and Jones, A. ""Text Classification in the Digital Era."" Journal of NLP Research, 2024.
        [2] Bengio, Y. ""Representations for Natural Language."" IEEE Transactions, 2021.
        [3] Cover, T. and Thomas, J. ""Elements of Information Retrieval."" 2018.",Research Paper
"A Hybrid Approach to Natural Language Processing using TF-IDF and Neural Networks
        
        Author Names: Dr. Arthur Pendelton, Prof. Beverly Crusher
        Department of Computer Science and Intelligent Systems
        Oxford University & Harvard University
        
        ABSTRACT
        In this paper, we explore the performance of classical machine learning models for the task of document classification. Using TF-IDF (Term Frequency-Inverse Document Frequency) vectorization, we extract key lexical features from structured and unstructured documents. We evaluate three popular classification algorithms: Multinomial Naive Bayes, Logistic Regression, and Support Vector Machines (SVM). Experimental results show that while SVM achieves the highest overall accuracy (97.4%), Multinomial Naive Bayes offers superior training speed and handles sparse high-dimensional data exceptionally well.
        
        1. INTRODUCTION
        Document classification is a fundamental problem in Natural Language Processing (NLP) with applications in legal document analysis, medical record sorting, invoice routing, and automated news categorization. The volume of digital text requires automated techniques to filter and route records.
        
        2. METHODOLOGY AND DATA PREPROCESSING
        We compile a corpus of document classes: Resumes, Invoices, Medical Reports, Legal Documents, News Articles, and Research Papers.
        The text preprocessing pipeline involves:
        - Case normalization (converting all characters to lowercase).
        - Stripping special characters and digits.
        - Vectorization via TF-IDF:
          TF-IDF(t, d, D) = TF(t, d) * IDF(t, D)
        
        3. EXPERIMENTAL SETUP AND RESULTS
        Our model was evaluated using a stratified 80/20 train-test split. Table 1 outlines the performance metrics across all models.
        - Support Vector Machine: Accuracy 97.4%, Precision 97.1%, Recall 97.4%
        - Logistic Regression: Accuracy 96.2%, Precision 96.3%, Recall 96.2%
        - Multinomial Naive Bayes: Accuracy 94.8%, Precision 95.0%, Recall 94.8%
        
        4. CONCLUSION & FUTURE WORK
        We demonstrated that classical machine learning algorithms paired with TF-IDF features remain highly competitive baselines for domain-specific text classification. Future investigations will evaluate dense embeddings.
        
        REFERENCES
        [1] Smith, J. and Jones, A. ""Text Classification in the Digital Era."" Journal of NLP Research, 2024.
        [2] Bengio, Y. ""Representations for Natural Language."" IEEE Transactions, 2021.
        [3] Cover, T. and Thomas, J. ""Elements of Information Retrieval."" 2018.",Research Paper
